id,price
1,15500.0
2,2800.0
3,16700.0
4,11000.0
5,6800.0
6,8000.0
7,2181.54
8,10120.0
9,13400.0
10,4300.0
11,1500.0
12,331.97
13,6000.0
14,10500.0
15,3500.0
16,750.0
17,7700.0
18,16490.0
19,507.07
20,4300.0
21,6300.0
22,2000.0
23,16900.0
24,282.73
25,15000.0
26,10884.0
27,850.0
28,2650.0
29,850.0
30,1500.0
31,10800.0
32,500.0
33,12900.0
34,2500.0
35,5300.0
36,5000.0
37,10000.0
38,990.0
39,4400.0
40,3300.0
41,1600.0
42,2600.0
43,3500.0
44,18100.0
45,3800.0
46,4700.0
47,1500.0
48,3500.0
49,11999.0
50,12000.0
51,8000.0
52,1600.0
53,2700.0
54,6500.0
55,8300.0
56,6300.0
57,1600.0
58,1990.0
59,750.0
60,3500.0
61,2500.0
62,6500.0
63,6500.0
64,17333.77
65,7500.0
66,6164.75
67,2100.0
68,1999.0
69,5500.0
70,6800.0
71,30000.0
72,10950.0
73,12300.0
74,2600.0
75,284.55
76,15700.0
77,1250.0
78,2250.0
79,1896.99
80,37500.0
81,13750.0
82,1950.0
83,11700.0
84,27800.0
85,4900.0
86,4600.0
87,44328.46
88,2950.0
89,1300.0
90,2300.0
91,2600.0
92,4300.0
93,19500.0
94,7500.0
95,5000.0
96,14500.0
97,13000.0
98,13800.0
99,500.0
100,400.0
101,2600.0
102,7300.0
103,12000.0
104,6200.0
105,13500.0
106,1250.0
107,1300.0
108,13150.0
109,15900.0
110,4500.0
111,2300.0
112,10700.0
113,4900.0
114,4031.11
115,7800.0
116,11500.0
117,5500.0
118,7000.0
119,10500.0
120,1500.0
121,12950.0
122,31000.0
123,1250.0
124,13350.0
125,6300.0
126,1043.34
127,8200.0
128,5999.0
129,3400.0
130,2950.0
131,1300.0
132,6400.0
133,42000.0
134,4500.0
135,2700.0
136,21000.0
137,15500.0
138,950.0
139,4000.0
140,800.0
141,1700.0
142,10600.0
143,261.22
144,2100.0
145,6999.0
146,4200.0
147,2580.0
148,14600.0
149,2500.0
150,2134.12
151,9500.0
152,3800.0
153,6000.0
154,4450.0
155,6599.0
156,2371.23
157,11000.0
158,1000.0
159,8000.0
160,8500.0
161,2900.0
162,1400.0
163,6500.0
164,1999.0
165,3650.0
166,27300.0
167,8500.0
168,8800.0
169,6200.0
170,1000.0
171,6800.0
172,1570.0
173,1200.0
174,8300.0
175,16800.0
176,7800.0
177,7000.0
178,9000.0
179,5999.0
180,5200.0
181,6500.0
182,16800.0
183,5500.0
184,7400.0
185,2500.0
186,3850.0
187,19500.0
188,6900.0
189,12800.0
190,11700.0
191,8400.0
192,6700.0
193,10000.0
194,14200.0
195,2400.0
196,4500.0
197,5500.0
198,5200.0
199,9500.0
200,1150.0
201,9750.0
202,7500.0
203,6450.0
204,10500.0
205,3400.0
206,15400.0
207,10550.0
208,5500.0
209,10000.0
210,1450.0
211,5250.0
212,2990.0
213,400.0
214,5200.0
215,14799.0
216,6900.0
217,13150.0
218,5200.0
219,12500.0
220,6550.0
221,7700.0
222,6350.0
223,14500.0
224,10300.0
225,3600.0
226,11360.62
227,1600.0
228,2900.0
229,1500.0
230,3600.0
231,15300.0
232,3400.0
233,4100.0
234,3100.0
235,3300.0
236,2100.0
237,8900.0
238,2600.0
239,3000.0
240,15600.0
241,3000.0
242,3000.0
243,2700.0
244,4200.0
245,3082.61
246,1800.0
247,22850.0
248,3500.0
249,18000.0
250,13100.0
251,11500.0
252,2400.0
253,8000.0
254,7500.0
255,2700.0
256,3200.0
257,1200.0
258,1600.0
259,4300.0
260,17554.38
261,4499.0
262,24400.0
263,7000.0
264,21000.0
265,1400.0
266,6800.0
267,600.0
268,3499.0
269,3600.0
270,7000.0
271,12600.0
272,569.09
273,5550.0
274,16250.0
275,5500.0
276,1150.0
277,5690.98
278,5700.0
279,8950.0
280,1700.0
281,9999.0
282,1382.91
283,9100.0
284,1100.0
285,3000.0
286,1500.0
287,2100.0
288,2500.0
289,2400.0
290,2999.0
291,7000.0
292,3000.0
293,6200.0
294,2300.0
295,1200.0
296,9200.0
297,1600.0
298,3999.0
299,1950.0
300,6900.0
301,5200.0
302,14900.0
303,700.0
304,1900.0
305,8400.0
306,6500.0
307,3500.0
308,5400.0
309,650.0
310,6800.0
9999,2000.0
10000,1150.0
10001,700.0
10002,3000.0
10003,13950.0
10004,1000.0
10005,1000.0
10006,14000.0
10007,8000.0
10008,3074.6
10009,2133.26
10010,3300.0
10011,5000.0
10012,12000.0
10013,3500.0
10014,5390.0
10015,2200.0
10016,8000.0
10017,3200.0
10018,3750.0
10019,7600.0
10020,10450.0
10021,6900.0
10022,7800.0
10023,576.21
10024,4700.0
10025,4031.11
10026,1090.77
10027,12500.0
10028,1000.0
10029,24950.0
10030,11000.0
10031,7800.0
10032,10500.0
10033,18495.68
10034,5500.0
10035,6499.0
10036,3200.0
10037,15500.0
10038,4800.0
10039,2250.0
10040,1800.0
10041,9499.0
10042,13000.0
10043,3250.0
10044,2700.0
10045,3700.0
10046,1050.0
10047,8000.0
10048,3700.0
10049,6300.0
10050,950.0
10051,3950.0
10052,18000.0
10053,800.0
10054,14450.0
10055,1900.0
10056,2650.0
10057,22500.0
10058,1550.0
10059,2350.0
10060,5150.0
10061,2299.0
10062,9300.0
10063,3500.0
10064,5800.0
10065,11900.0
10066,3800.0
10067,5200.0
10068,8990.0
10069,3950.0
10070,2700.0
10071,6100.0
10072,12133.0
10073,49900.0
10074,850.0
10075,1400.0
10076,2700.0
10077,7500.0
10078,3200.0
10079,15555.0
10080,6501.0
10081,9600.0
10082,2800.0
10083,4000.0
10084,2228.02
10085,2000.0
10086,7825.1
10087,1000.0
10088,4750.0
10089,40900.0
10090,3600.0
10091,12900.0
10092,3150.0
10093,3700.0
10094,10000.0
10095,1500.0
10096,3793.99
10097,1600.0
10098,711.37
10099,12250.0
10100,1650.0
10101,4700.0
10102,2000.0
10103,3500.0
10104,24500.0
10105,5000.0
10106,4200.0
10107,7600.0
10108,13900.0
10109,3000.0
10110,1800.0
10111,1500.0
10112,9100.0
10113,8200.0
10114,12000.0
10115,6600.0
10116,7900.0
10117,950.0
10118,13800.0
10119,2890.0
10120,5193.02
10121,12999.0
10122,18000.0
10123,6900.0
10124,8100.0
10125,8300.0
10126,3765.0
10127,7999.0
10128,1350.0
10129,5000.0
10130,5600.0
10131,7100.0
10132,10800.0
10133,1043.34
10134,300.0
10135,2000.0
10136,16000.0
10137,810.0
10138,5400.0
10139,5600.0
10140,23000.0
10141,4555.0
10142,10500.0
10143,800.0
10144,8200.0
10145,2500.0
10146,3000.0
10147,5650.0
10148,7000.0
10149,3700.0
10150,6900.0
10151,2600.0
10152,1150.0
10153,6000.0
10154,11000.0
10155,7500.0
10156,920.0
10157,1700.0
10158,500.0
10159,1600.0
10160,14700.0
10161,5000.0
10162,550.0
10163,4100.0
10164,1700.0
10165,5000.0
10166,2950.0
10167,6700.0
10168,2500.0
10169,6000.0
10170,950.0
10171,10950.0
10172,6950.0
10173,700.0
10174,6100.0
10175,1100.0
10176,9150.0
10177,15000.0
10178,12700.0
10179,3800.0
10180,700.0
10181,5700.0
10182,8300.0
10183,2800.0
10184,21500.0
10185,11500.0
10186,10800.0
10187,3900.0
10188,3100.0
10189,7800.0
10190,6300.0
10191,3300.0
10192,2800.0
10193,5650.0
10194,8000.0
10195,4600.0
10196,1500.0
10197,5100.0
10198,12500.0
10199,2950.0
10200,10500.0
10201,6220.0
10202,1960.0
10203,6800.0
10204,11800.0
10205,5300.0
10206,2400.0
10207,10900.0
10208,2300.0
10209,3700.0
10210,10450.0
10211,2900.0
10212,14100.0
10213,5200.0
10214,400.0
10215,3540.74
10216,4200.0
10217,1100.0
10218,3199.0
10219,750.0
10220,8999.0
10221,2999.0
10222,7800.0
10223,1000.0
10224,3500.0
10225,1850.0
10226,2800.0
10227,26499.0
10228,2100.0
10229,7600.0
10230,4000.0
10231,4500.0
10232,999.0
10233,3500.0
10234,5700.0
10235,13900.0
10236,1750.0
10237,4600.0
10238,2200.0
10239,8061.75
10240,4800.0
10241,3500.0
10242,10400.0
10243,16000.0
10244,3900.0
10245,5850.0
10246,4750.0
10247,20990.0
10248,4950.0
10249,18350.0
10250,6650.0
10251,11990.0
10252,12000.0
10253,14550.0
10254,2000.0
10255,2500.0
10256,24300.0
10257,26950.0
10258,2500.0
10259,5600.0
10260,12000.0
10261,1100.0
10262,2400.0
10263,4300.0
10264,2100.0
10265,15000.0
10266,4650.0
10267,26900.0
10268,1200.0
10269,5169.31
10270,5000.0
10271,6700.0
10272,2600.0
10273,711.37
10274,40000.0
10275,8400.0
10276,16500.0
10277,4150.0
10278,14800.0
10279,1600.0
10280,4900.0
10281,800.0
10282,6200.0
10283,2200.0
10284,5399.0
10285,12500.0
10286,9300.0
10287,5501.28
10288,3050.0
10289,2300.0
10290,8450.0
10291,2400.0
10292,650.0
10293,4200.0
10294,16500.0
10295,1800.0
10296,11000.0
10297,8000.0
10298,2000.0
10299,999.0
10300,3300.0
10301,5499.0
10302,3130.04
10303,1300.0
10304,7200.0
10305,650.0
10306,4850.0
10307,2100.0
10308,9400.0
10309,8100.0
10310,500.0
10311,21000.0
10312,1705.59
10313,3400.0
10314,7850.0
10315,2500.0
10316,3800.0
10317,5950.0
10318,12093.33
10319,4600.0
10320,6200.0
10321,1800.0
10322,1250.0
10323,3810.54
10324,4950.0
10325,8300.0
10326,4500.0
10327,10999.0
10328,8500.0
10329,4300.0
10330,1500.0
10331,6500.0
10332,5500.0
10333,450.0
10334,1600.0
10335,6800.0
10336,8500.0
10337,3900.0
10338,10200.0
10339,3200.0
10340,550.0
10341,1200.0
10342,5500.0
10343,1800.0
10344,10100.0
10345,3000.0
10346,17500.0
10347,9490.0
10348,6600.0
10349,14001.0
10350,4400.0
10351,14500.0
10352,10500.0
10353,7790.0
10354,9500.0
10355,10500.0
10356,2000.0
10357,3100.0
10358,5500.0
10359,2500.0
10360,6100.0
10361,1450.0
10362,1780.0
10363,3200.0
10364,3750.0
10365,6800.0
10366,1999.0
10367,10670.59
10368,10500.0
10369,9900.0
10370,7900.0
10371,5000.0
10372,3400.0
10373,9000.0
10374,1300.0
10375,11200.0
10376,4000.0
10377,3550.0
10378,500.0
10379,3999.0
10380,13500.0
10381,5999.0
10382,2500.0
10383,10950.0
10384,13300.0
10385,5300.0
10386,1500.0
10387,1400.0
10388,9800.0
10389,4100.0
10390,5200.0
10391,853.65
10392,600.0
10393,1500.0
10394,5850.0
10395,28454.89
10396,4500.0
10397,6200.0
10398,5450.0
10399,1100.0
10400,12450.0
10401,1500.0
10402,4500.0
10403,1300.0
10404,5800.0
10405,4500.0
10406,3650.0
10407,5800.0
10408,4150.0
10409,12000.0
10410,15300.0
10411,4600.0
10412,2000.0
10413,1200.0
10414,700.0
10415,5850.0
10416,14800.0
10417,6350.0
10418,3800.0
10419,1500.0
10420,21900.0
10421,2200.0
10422,9250.0
10423,300.0
10424,3900.0
10425,4750.0
10426,1000.0
10427,7200.0
10428,2750.0
10429,850.0
10430,3550.0
10431,3900.0
10432,4100.0
10433,3500.0
10434,5900.0
10435,800.0
10436,9600.0
10437,19000.0
10438,6300.0
10439,10500.0
10440,1250.0
10441,3300.0
10442,11000.0
10443,5550.0
10444,27900.0
10445,3450.0
10446,8000.0
10447,11300.0
10448,5200.0
10449,3350.0
10450,1000.0
10451,4000.0
10452,800.0
10453,2500.0
10454,9900.0
10455,7000.0
10456,1450.0
10457,3100.0
10458,5850.0
10459,8300.0
10460,2100.0
10461,900.0
10462,41900.0
10463,500.0
10464,6300.0
10465,3200.0
10466,4400.0
10467,8800.0
10468,7000.0
10469,12700.0
10470,8300.0
10471,4500.0
10472,11200.0
10473,1700.0
10474,9050.0
10475,1800.0
10476,5000.0
10477,4600.0
10478,1350.0
10479,19950.0
10480,18200.0
10481,15350.0
10482,6000.0
10483,27500.0
10484,700.0
10485,1800.0
10486,3300.0
10487,26900.0
10488,3300.0
10489,1550.0
10490,4500.0
10491,3500.0
10492,4450.0
10493,10700.0
10494,10850.0
10495,10700.0
10496,4500.0
10497,9140.0
10498,5100.0
10499,1999.0
10500,3500.0
10501,2900.0
10502,6400.0
10503,9000.0
10504,7000.0
10505,3600.0
10506,8999.0
10507,7400.0
10508,10670.59
10509,2608.37
10510,2000.0
10511,20000.0
10512,5800.0
10513,2181.54
10514,2400.0
10515,2800.0
10516,9500.0
10517,1299.0
10518,2650.0
10519,23500.0
10520,4500.0
10521,8000.0
10522,890.0
10523,2600.0
10524,2500.0
10525,1700.0
10526,3500.0
10527,6000.0
10528,15100.0
10529,20900.0
10530,2900.0
10531,7600.0
10532,15700.0
10533,3000.0
10534,3200.0
10535,2500.0
10536,2200.0
10537,2750.0
10538,9300.0
10539,7000.0
10540,3700.0
10541,5200.0
10542,3650.0
10543,11800.0
10544,15000.0
10545,3200.0
10546,5199.0
10547,4700.0
10548,3333.0
10549,9200.0
10550,31500.0
10551,14800.0
10552,11200.0
10553,11600.0
10554,700.0
10555,21900.0
10556,13633.0
10557,4800.0
10558,3750.0
10559,1500.0
10560,16400.0
10561,5200.0
10562,4500.0
10563,1896.99
10564,9400.0
10565,7500.0
10566,15100.0
10567,11990.0
10568,650.0
10569,550.0
10570,3950.0
10571,9437.54
10572,8250.0
10573,10000.0
10574,27500.0
10575,3200.0
10576,8100.0
10577,2663.38
10578,13000.0
10579,5000.0
10580,1100.0
10581,13350.0
10582,3200.0
10583,2333.0
10584,4250.0
10585,6700.0
10586,3500.0
10587,4200.0
10588,9200.0
10589,6700.0
10590,1600.0
10591,13700.0
10592,6300.0
10593,1400.0
10594,8300.0
10595,4150.0
10596,9500.0
10597,5480.0
10598,1250.0
10599,3000.0
10600,1000.0
10601,4900.0
10602,5600.0
10603,10500.0
10604,2800.0
10605,20900.0
10606,13700.0
10607,2499.0
10608,900.0
10609,1550.0
10610,1700.0
10611,1550.0
10612,5150.0
10613,2100.0
10614,7000.0
10615,5100.0
10616,11000.0
10617,3900.0
10618,2700.0
10619,5500.0
10620,10000.0
10621,13600.0
10622,15800.0
10623,7999.0
10624,3200.0
10625,2880.0
10626,14800.0
10627,300.0
10628,1600.0
10629,5200.0
10630,2900.0
10631,3999.0
10632,7399.0
10633,9300.0
10634,1500.0
10635,16500.0
10636,8999.0
10637,2500.0
10638,2000.0
10639,7800.0
10640,1600.0
10641,5100.0
10642,1800.0
10643,16999.0
10644,550.0
10645,11870.0
10646,2200.0
10647,1600.0
10648,19700.0
10649,1800.0
10650,2650.0
10651,1050.0
10652,4899.0
10653,9500.0
10654,10550.0
10655,4800.0
10656,9550.0
10657,4550.0
10658,6950.0
10659,1896.99
10660,3200.0
10661,599.26
10662,2500.0
10663,2800.0
10664,3200.0
10665,10550.0
10666,11300.0
10667,10800.0
10668,11381.96
10669,7200.0
10670,500.0
10671,7000.0
10672,2250.0
10673,6999.0
10674,8700.0
10675,3272.31
10676,3799.0
10677,5100.0
10678,3000.0
10679,3793.99
10680,3300.0
10681,9950.0
10682,22000.0
10683,1100.0
10684,800.0
10685,1750.0
10686,2750.0
10687,1000.0
10688,1944.42
10689,8999.0
10690,10500.0
10691,1350.0
10692,8000.0
10693,300.0
10694,7500.0
10695,4500.0
10696,6200.0
10697,7900.0
10698,2950.0
10699,2900.0
10700,700.0
10701,2690.0
10702,7300.0
10703,7700.0
10704,14000.0
10705,9000.0
10706,10000.0
10707,9000.0
10708,14150.0
10709,2700.0
10710,2350.0
10711,12900.0
10712,4500.0
10713,4499.0
10714,6700.0
10715,1100.0
10716,500.0
10717,2800.0
10718,8500.0
10719,1000.0
10720,2500.0
10721,3900.0
10722,6399.0
10723,3500.0
10724,16900.0
10725,11000.0
10726,2500.0
10727,1500.0
10728,9200.0
10729,2700.0
10730,7256.0
10731,750.0
10732,8550.0
10733,5500.0
10734,8394.2
10735,6500.0
10736,5000.0
10737,10200.0
10738,8850.0
10739,4000.0
10740,2750.0
10741,19900.0
10742,5950.0
10743,5900.0
10744,6000.0
10745,6500.0
10746,36500.0
10747,12700.0
10748,6500.0
10749,5990.0
10750,3900.0
10751,100.0
10752,10200.0
10753,1100.0
10754,1990.0
10755,3800.0
10756,30000.0
10757,1999.0
10758,8350.0
10759,6333.0
10760,17000.0
10761,7600.0
10762,14700.0
10763,2350.0
10764,4000.0
10765,14000.0
10766,8000.0
10767,2150.0
10768,4550.0
10769,700.0
10770,2299.0
10771,4001.0
10772,1500.0
10773,3400.0
10774,5950.0
10775,497.96
10776,5600.0
10777,15100.0
10778,9900.0
10779,1000.0
10780,5900.0
10781,5650.0
10782,3600.0
10783,3250.0
10784,4990.0
10785,5500.0
10786,1500.0
10787,9550.0
10788,1300.0
10789,9000.0
10790,5600.0
10791,600.0
10792,18200.0
10793,6150.0
10794,3200.0
10795,9481.65
10796,4399.0
10797,5500.0
10798,6800.0
10799,2371.23
10800,6000.0
10801,12600.0
10802,7700.0
10803,4000.0
10804,3600.0
10805,4500.0
10806,7150.0
10807,14950.0
10808,5900.0
10809,8000.0
10810,1450.0
10811,7000.0
10812,4600.0
10813,500.0
10814,5300.0
10815,5000.0
10816,1100.0
10817,800.0
10818,9490.0
10819,3300.0
10820,2500.0
10821,2650.0
10822,8500.0
10823,2500.0
10824,2500.0
10825,1700.0
10826,15990.0
10827,2500.0
10828,10700.0
10829,4500.0
10830,5900.0
10831,2150.0
10832,3200.0
10833,711.37
10834,1850.0
10835,550.0
10836,9499.0
10837,17900.0
10838,7900.0
10839,1700.0
10840,3300.0
10841,8000.0
10842,4800.0
10843,1100.0
10844,10300.0
10845,2850.0
10846,2300.0
10847,2800.0
10848,8000.0
10849,1500.0
10850,5500.0
10851,1050.0
10852,4500.0
10853,2000.0
10854,8300.0
10855,20700.0
10856,7300.0
10857,6699.0
10858,7900.0
10859,3500.0
10860,7650.0
10861,3500.0
10862,739.83
10863,507.92
10864,1500.0
10865,1250.0
10866,4000.0
10867,2200.0
10868,650.0
10869,5499.0
10870,4000.0
10871,6700.0
10872,14900.0
10873,8900.0
10874,8500.0
10875,13300.0
10876,900.0
10877,1100.0
10878,500.0
10879,10000.0
10880,3000.0
10881,7800.0
10882,2000.0
10883,10000.0
10884,2450.0
10885,7500.0
10886,5900.0
10887,4400.0
10888,4000.0
10889,2500.0
10890,7600.0
10891,1500.0
10892,8800.0
10893,8499.0
10894,4500.0
10895,1810.0
10896,1200.0
10897,1200.0
10898,9450.0
10899,386.19
10900,300.0
10901,14900.0
10902,2500.0
10903,16500.0
10904,19500.0
10905,12100.0
10906,3500.0
10907,350.0
10908,4250.0
10909,1850.0
10910,9900.0
10911,7300.0
10912,1000.0
10913,2000.0
10914,1000.0
10915,5300.0
10916,13500.0
10917,13500.0
10918,6190.0
10919,8000.0
10920,21500.0
10921,9900.0
10922,12499.0
10923,700.0
10924,2134.12
10925,18550.0
10926,11650.0
10927,9400.0
10928,17500.0
10929,1100.0
10930,7900.0
10931,4650.0
10932,2300.0
10933,3200.0
10934,3500.0
10935,3950.0
10936,4500.0
10937,17600.0
10938,9100.0
10939,1650.0
10940,600.0
10941,1149.0
10942,8200.0
10943,5100.0
10944,3500.0
10945,9500.0
10946,711.37
10947,3500.0
10948,2500.0
10949,11200.0
10950,20108.13
10951,3700.0
10952,1100.0
10953,3200.0
10954,1450.0
10955,10500.0
10956,3950.0
10957,5000.0
10958,18700.0
10959,3100.0
10960,2400.0
10961,4500.0
10962,425.0
10963,19999.0
10964,850.0
10965,4600.0
10966,799.0
10967,2050.0
10968,4268.22
10969,6800.0
10970,2000.0
10971,10499.0
10972,5800.0
10973,7400.0
10974,1754.72
10975,9200.0
10976,1100.0
10977,15500.0
10978,2500.0
10979,4000.0
10980,2046.19
10981,1100.0
10982,4200.0
10983,1900.0
10984,4250.0
10985,1000.0
10986,1700.0
10987,10900.0
10988,950.0
10989,12800.0
10990,5800.0
10991,26300.0
10992,3500.0
10993,22100.0
10994,6500.0
10995,2200.0
10996,12899.0
10997,13950.0
10998,5500.0
10999,3300.0
11000,6850.0
11001,2099.0
11002,679.72
11003,4200.0
11004,1450.0
11005,2750.0
11006,1659.87
11007,3380.0
11008,1500.0
11009,5800.0
11010,1200.0
11011,7700.0
11012,6500.0
11013,4500.0
11014,4500.0
11015,5000.0
11016,9200.0
11017,3000.0
11018,6300.0
11019,3900.0
11020,14300.0
11021,3700.0
11022,9800.0
11023,700.0
11024,9500.0
11025,2600.0
11026,3900.0
11027,15500.0
11028,1100.0
11029,10000.0
11030,9000.0
11031,8800.0
11032,2100.0
11033,4150.0
11034,4500.0
11035,13000.0
11036,5750.0
11037,17499.0
11038,2350.0
11039,8500.0
11040,2799.0
11041,950.0
11042,2000.0
11043,5600.0
11044,10000.0
11045,4700.0
11046,8000.0
11047,11000.0
11048,4600.0
11049,39800.0
11050,3790.0
11051,14000.0
11052,22900.0
11053,7300.0
11054,4400.0
11055,6402.35
11056,2200.0
11057,22300.0
11058,4500.0
11059,7680.0
11060,14000.0
11061,6900.0
11062,4800.0
11063,2500.0
11064,8950.0
11065,4999.0
11066,1050.0
11067,1300.0
11068,4500.0
11069,8550.0
11070,17850.0
11071,2050.0
11072,9500.0
11073,1300.0
11074,1950.0
11075,13200.0
11076,5400.0
11077,950.0
11078,2700.0
11079,1850.0
11080,4500.0
11081,14000.0
11082,5350.0
11083,29850.0
11084,10500.0
11085,1000.0
11086,5400.0
11087,10290.0
11088,1400.0
11089,5500.0
11090,4000.0
11091,400.0
11092,450.0
11093,5900.0
11094,3500.0
11095,2100.0
11096,600.0
11097,10500.0
11098,13900.0
11099,5900.0
11100,6600.0
11101,550.0
11102,4150.0
11103,1000.0
11104,3450.0
11105,9250.0
11106,11000.0
11107,8300.0
11108,6700.0
11109,1000.0
11110,4350.0
11111,2100.0
11112,8400.0
11113,1050.0
11114,10000.0
11115,7500.0
11116,6900.0
11117,2590.0
11118,3367.16
11119,12900.0
11120,8950.0
11121,14200.0
11122,1850.0
11123,12250.0
11124,3750.0
11125,650.0
11126,5500.0
11127,15500.0
11128,3650.0
11129,14700.0
11130,16750.0
11131,650.0
11132,8300.0
11133,3850.0
11134,1699.0
11135,15950.0
11136,7500.0
11137,5100.0
11138,6300.0
11139,9850.0
11140,12500.0
11141,8000.0
11142,3200.0
11143,2400.0
11144,860.0
11145,39457.46
11146,12499.0
11147,1500.0
11148,3500.0
11149,13200.0
11150,8900.0
11151,5216.72
11152,9950.0
11153,1790.0
11154,13499.0
11155,5499.0
11156,2000.0
11157,5900.0
11158,28000.0
11159,2400.0
11160,3900.0
11161,4500.0
11162,9550.0
11163,5000.0
11164,1600.0
11165,12990.0
11166,1400.0
11167,8500.0
11168,4950.0
11169,14300.0
11170,11800.0
11171,850.0
11172,5800.0
11173,10200.0
11174,850.0
11175,17450.0
11176,3000.0
11177,1750.0
11178,3700.0
11179,1100.0
11180,6300.0
11181,7000.0
11182,3200.0
11183,2700.0
11184,5500.0
11185,6400.0
11186,3700.0
11187,500.0
11188,7700.0
11189,1950.0
11190,1864.36
11191,2500.0
11192,14227.45
11193,1300.0
11194,11000.0
11195,3350.0
11196,3800.0
11197,5800.0
11198,7300.0
11199,12999.0
11200,3700.0
11201,6000.0
11202,5399.0
11203,1350.0
11204,40500.0
11205,1500.0
11206,5550.0
11207,6000.0
11208,6200.0
11209,12200.0
11210,1450.0
11211,4500.0
11212,10300.0
11213,3500.0
11214,16500.0
11215,32500.0
11216,7850.0
11217,5300.0
11218,8700.0
11219,2100.0
11220,800.0
11221,8550.0
11222,15500.0
11223,12900.0
11224,450.0
11225,6900.0
11226,9999.0
11227,7200.0
11228,1200.0
11229,7400.0
11230,42777.0
11231,3000.0
11232,8000.0
11233,4000.0
11234,16300.0
11235,3150.0
11236,2000.0
11237,3500.0
11238,3990.0
11239,18999.0
11240,11950.0
11241,1500.0
11242,3793.99
11243,9490.0
11244,4200.0
11245,9950.0
11246,1300.0
11247,225.36
11248,1000.0
11249,4350.0
11250,4500.0
11251,2100.0
11252,2300.0
11253,6200.0
11254,8612.81
11255,4300.0
11256,14900.0
11257,1800.0
11258,17900.0
11259,7390.0
11260,2799.0
11261,11000.0
11262,4000.0
11263,5300.0
11264,1299.0
11265,36500.0
11266,7900.0
11267,6700.0
11268,4499.0
11269,13000.0
11270,737.55
11271,4000.0
11272,20500.0
11273,1200.0
11274,8500.0
11275,8500.0
11276,1750.0
11277,2900.0
11278,9650.0
11279,8999.0
11280,4500.0
11281,8800.0
11282,1000.0
11283,2000.0
11284,6500.0
11285,2300.0
11286,7990.0
11287,2300.0
11288,6300.0
11289,4400.0
11290,15750.0
11291,3150.0
11292,9000.0
11293,11049.99
11294,3000.0
11295,980.0
11296,1400.0
11297,2000.0
11298,5300.0
11299,5450.0
11300,4200.0
11301,23000.0
11302,3000.0
11303,1400.0
11304,3500.0
11305,5400.0
11306,12500.0
11307,6700.0
11308,1780.0
11309,2800.0
11310,14400.0
11311,11200.0
11312,1400.0
11313,6500.0
11314,1896.99
11315,5500.0
11316,4100.0
11317,1200.0
11318,4000.0
11319,7950.0
11320,1100.0
11321,6250.0
11322,1100.0
11323,19850.0
11324,2400.0
11325,7900.0
11326,400.0
11327,8700.0
11328,1100.0
11329,5900.0
11330,3000.0
11331,10000.0
11332,5550.0
11333,18550.0
11334,10872.0
11335,5900.0
11336,4000.0
11337,10450.0
11338,8300.0
11339,2400.0
11340,7900.0
11341,4200.0
11342,150.0
11343,4481.64
11344,3900.0
11345,4100.0
11346,1650.0
11347,4970.0
11348,12200.0
11349,800.0
11350,4600.0
11351,5500.0
11352,8100.0
11353,2500.0
11354,8000.0
11355,8000.0
11356,5300.0
11357,3000.0
11358,1499.0
11359,620.0
11360,4000.0
11361,6900.0
11362,11500.0
11363,12500.0
11364,3400.0
11365,600.0
11366,11840.0
11367,3950.0
11368,8888.0
11369,5800.0
11370,5500.0
11371,6800.0
11372,950.0
11373,800.0
11374,1500.0
11375,3999.0
11376,2700.0
11377,8536.46
11378,16900.0
11379,6699.0
11380,7000.0
11381,5500.0
11382,2900.0
11383,12499.0
11384,3620.0
11385,3250.0
11386,8950.0
11387,500.0
11388,7000.0
11389,3350.0
11390,3200.0
11391,10999.0
11392,3500.0
11393,700.0
11394,9950.0
11395,1350.0
11396,4750.0
11397,1200.0
11398,900.0
11399,4499.0
11400,23990.0
11401,5000.0
11402,4500.0
11403,7499.0
11404,17999.0
11405,1900.0
11406,3699.0
11407,10300.0
11408,450.0
11409,4350.0
11410,3000.0
11411,7600.0
11412,16890.0
11413,3800.0
11414,28900.0
11415,1300.0
11416,3250.0
11417,7500.0
11418,3800.0
11419,2700.0
11420,10300.0
11421,1000.0
11422,2500.0
11423,3000.0
11424,10250.0
11425,9800.0
11426,1200.0
11427,2100.0
11428,7000.0
11429,7499.0
11430,9000.0
11431,2513.52
11432,569.1
11433,11900.0
11434,3500.0
11435,2999.0
11436,8750.0
11437,850.0
11438,3150.0
11439,2300.0
11440,9950.0
11441,3999.0
11442,600.0
11443,13200.0
11444,8899.0
11445,20000.0
11446,17800.0
11447,5000.0
11448,4100.0
11449,6200.0
11450,12750.0
11451,9900.0
11452,14499.0
11453,8700.0
11454,2300.0
11455,7300.0
11456,12933.0
11457,1100.0
11458,12000.0
11459,16600.0
11460,8900.0
11461,13500.0
11462,4700.0
11463,1850.0
11464,15500.0
11465,1250.0
11466,8400.0
11467,7999.0
11468,5650.0
11469,3100.0
11470,1050.0
11471,10650.0
11472,6000.0
11473,24700.0
11474,1220.0
11475,2002.0
11476,10000.0
11477,18888.0
11478,7200.0
11479,6100.0
11480,4500.0
11481,1000.0
11482,10850.0
11483,5900.0
11484,13900.0
11485,7499.0
11486,8000.0
11487,4000.0
11488,10000.0
11489,5400.0
11490,10000.0
11491,6500.0
11492,4200.0
11493,6500.0
11494,3300.0
11495,300.0
11496,4200.0
11497,600.0
11498,16200.0
11499,12099.0
11500,7000.0
11501,1000.0
11502,3301.76
11503,7200.0
11504,13800.0
11505,2100.0
11506,11800.0
11507,6000.0
11508,3700.0
11509,9000.0
11510,3100.0
11511,948.5
11512,6999.0
11513,12900.0
11514,650.0
11515,880.0
11516,3500.0
11517,5500.0
11518,5750.0
11519,9800.0
11520,5000.0
11521,1300.0
11522,4600.0
11523,1800.0
11524,2699.0
11525,3200.0
11526,1000.0
11527,3000.0
11528,3900.0
11529,2100.0
11530,7000.0
11531,3400.0
11532,6500.0
11533,6200.0
11534,5500.0
11535,1200.0
11536,2634.45
11537,39900.0
11538,5000.0
11539,2600.0
11540,1450.0
11541,4950.0
11542,3800.0
11543,9950.0
11544,4800.0
11545,9484.96
11546,9000.0
11547,3100.0
11548,700.0
11549,19900.0
11550,12500.0
11551,5700.0
11552,1900.0
11553,2700.0
11554,6200.0
11555,2323.82
11556,7500.0
11557,1600.0
11558,2800.0
11559,2900.0
11560,2850.0
11561,4300.0
11562,5500.0
11563,4400.0
11564,1650.0
11565,1300.0
11566,13500.0
11567,16300.0
11568,6800.0
11569,11000.0
11570,11550.0
11571,12700.0
11572,1700.0
11573,8800.0
11574,2000.0
11575,1900.0
11576,7000.0
11577,3370.0
11578,500.0
11579,1850.0
11580,5359.01
11581,13900.0
11582,11500.0
11583,14500.0
11584,2650.0
11585,2200.0
11586,14000.0
11587,3500.0
11588,7850.0
11589,6100.0
11590,2000.0
11591,3400.0
11592,15999.0
11593,5100.0
11594,5600.0
11595,1250.0
11596,2000.0
11597,6300.0
11598,4000.0
11599,5700.0
11600,6500.0
11601,1000.0
11602,400.0
11603,576.21
11604,7500.0
11605,5000.0
11606,6250.0
11607,6000.0
11608,8877.0
11609,18200.0
11610,1350.0
11611,550.0
11612,15900.0
11613,8800.0
11614,8000.0
11615,400.0
11616,7300.0
11617,6700.0
11618,20000.0
11619,1200.0
11620,7499.0
11621,6500.0
11622,15750.0
11623,15000.0
11624,4800.0
11625,3500.0
11626,1200.0
11627,7450.0
11628,3900.0
11629,35000.0
11630,4000.0
11631,5000.0
11632,7950.0
11633,1100.0
11634,7900.0
11635,1300.0
11636,8900.0
11637,28500.0
11638,4750.0
11639,3900.0
11640,3700.0
11641,5200.0
11642,9000.0
11643,3850.0
11644,6000.0
11645,820.0
11646,4300.0
11647,7200.0
11648,1650.0
11649,6200.0
11650,9200.0
11651,4700.0
11652,49900.0
11653,3500.0
11654,1000.0
11655,1950.0
11656,900.0
11657,9500.0
11658,9000.0
11659,1900.0
11660,9500.0
11661,7900.0
11662,1750.0
11663,5800.0
11664,11500.0
11665,7800.0
11666,2900.0
11667,23999.0
11668,7000.0
11669,6000.0
11670,800.0
11671,18000.0
11672,1100.0
11673,4000.0
11674,15200.0
11675,2350.0
11676,2000.0
11677,25900.0
11678,5500.0
11679,9700.0
11680,6100.0
11681,1000.0
11682,12700.0
11683,12500.0
11684,6900.0
11685,10400.0
11686,1000.0
11687,2350.0
11688,8800.0
11689,3750.0
11690,4999.0
11691,5499.0
11692,3700.0
11693,8900.0
11694,7350.0
11695,8500.0
11696,500.0
11697,11900.0
11698,1850.0
11699,1500.0
11700,2900.0
11701,2800.0
11702,9750.0
11703,1090.77
11704,2400.0
11705,1250.0
11706,2300.0
11707,6050.0
11708,10800.0
11709,20700.0
11710,5785.83
11711,3700.0
11712,1000.0
11713,8750.0
11714,4800.0
11715,3150.0
11716,3000.0
11717,8000.0
11718,7100.0
11719,1500.0
11720,4100.0
11721,7700.0
11722,1119.23
11723,12500.0
11724,6950.0
11725,14000.0
11726,7800.0
11727,4500.0
11728,7300.0
11729,600.0
11730,5200.0
11731,6900.0
11732,3700.0
11733,3600.0
11734,1850.0
11735,18000.0
11736,19900.0
11737,4100.0
11738,450.0
11739,4200.0
11740,1500.0
11741,2300.0
11742,7999.0
11743,700.0
11744,18500.0
11745,2200.0
11746,5200.0
11747,11000.0
11748,600.0
11749,8650.0
11750,8100.0
11751,3600.0
11752,2500.0
11753,2450.0
11754,600.0
11755,7199.0
11756,6200.0
11757,2600.0
11758,12700.0
11759,1750.0
11760,11950.0
11761,5000.0
11762,26000.0
11763,6900.0
11764,7700.0
11765,10500.0
11766,4700.0
11767,8500.0
11768,2000.0
11769,3900.0
11770,5250.0
11771,1150.0
11772,6100.0
11773,14490.0
11774,1750.0
11775,1850.0
11776,6950.0
11777,1750.0
11778,3900.0
11779,12750.0
11780,3000.0
11781,650.0
11782,8400.0
11783,474.25
11784,600.0
11785,3100.0
11786,5400.0
11787,10500.0
11788,5000.0
11789,16490.0
11790,16500.0
11791,9300.0
11792,300.0
11793,5500.0
11794,1550.0
11795,1300.0
11796,7999.0
11797,7000.0
11798,7700.0
11799,3210.0
11800,16750.0
11801,2400.0
11802,15300.0
11803,17800.0
11804,9900.0
11805,3000.0
11806,4300.0
11807,25500.0
11808,6650.0
11809,1100.0
11810,900.0
11811,11900.0
11812,1750.0
11813,1100.0
11814,6000.0
11815,11900.0
11816,2100.0
11817,1950.0
11818,1000.0
11819,9800.0
11820,3490.0
11821,1500.0
11822,750.0
11823,3400.0
11824,9600.0
11825,3300.0
11826,5500.0
11827,1000.0
11828,7500.0
11829,1900.0
11830,1000.0
11831,3300.0
11832,2300.0
11833,10900.0
11834,8773.59
11835,16000.0
11836,10555.0
11837,1350.0
11838,2200.0
11839,6000.0
11840,1500.0
11841,3400.0
11842,10900.0
11843,7400.0
11844,1100.0
11845,1400.0
11846,5501.0
11847,800.0
11848,4400.0
11849,8500.0
11850,25000.0
11851,2500.0
11852,300.0
11853,5650.0
11854,3500.0
11855,4200.0
11856,4500.0
11857,29700.0
11858,2200.0
11859,4980.0
11860,4900.0
11861,23700.0
11862,5500.0
11863,3650.0
11864,1450.0
11865,6500.0
11866,6900.0
11867,500.0
11868,16750.0
11869,22000.0
11870,5800.0
11871,1600.0
11872,1200.0
11873,4400.0
11874,3900.0
11875,2800.0
11876,2200.0
11877,4499.0
11878,2500.0
11879,13278.48
11880,1790.0
11881,15350.0
11882,9000.0
11883,4450.0
11884,14700.0
11885,1100.0
11886,4950.0
11887,3850.0
11888,9500.0
11889,10900.0
11890,1600.0
11891,500.0
11892,3800.0
11893,4500.0
11894,2200.0
11895,900.0
11896,9000.0
11897,9800.0
11898,600.0
11899,5800.0
11900,2300.0
11901,6800.0
11902,14500.0
11903,5500.0
11904,900.0
11905,2750.0
11906,24999.0
11907,100.0
11908,9000.0
11909,6500.0
11910,550.0
11911,2200.0
11912,4500.0
11913,4500.0
11914,19500.0
11915,2800.0
11916,11450.0
11917,2200.0
11918,4623.92
11919,7650.0
11920,10999.0
11921,900.0
11922,1100.0
11923,2700.0
11924,4000.0
11925,9900.0
11926,11000.0
11927,4000.0
11928,6400.0
11929,8000.0
11930,9450.0
11931,4481.64
11932,13650.0
11933,1500.0
11934,13100.0
11935,11900.0
11936,10300.0
11937,11600.0
11938,2490.0
11939,12000.0
11940,1690.0
11941,1600.0
11942,1100.0
11943,8868.44
11944,750.0
11945,800.0
11946,1550.0
11947,6950.0
11948,4500.0
11949,1200.0
11950,6990.0
11951,12200.0
11952,3300.0
11953,3700.0
11954,3100.0
11955,14750.0
11956,2850.0
11957,1500.0
11958,19990.0
11959,4800.0
11960,300.0
11961,12899.0
11962,5300.0
11963,1800.0
11964,4499.0
11965,1200.0
11966,7500.0
11967,5700.0
11968,7018.88
11969,6500.0
11970,12870.0
11971,4000.0
11972,2750.0
11973,1400.0
11974,2500.0
11975,900.0
11976,16900.0
11977,3500.0
11978,9000.0
11979,1800.0
11980,1999.0
11981,1950.0
11982,18500.0
11983,1950.0
11984,5000.0
11985,6000.0
11986,13800.0
11987,12700.0
11988,800.0
11989,1000.0
11990,9300.0
11991,3250.0
11992,12500.0
11993,2990.0
11994,10500.0
11995,6650.0
11996,2300.0
11997,10500.0
11998,900.0
11999,7850.0
12000,3900.0
12001,750.0
12002,14699.0
12003,6500.0
12004,800.0
12005,11200.0
12006,2800.0
12007,2371.23
12008,3700.0
12009,2500.0
12010,3100.0
12011,9450.0
12012,12500.0
12013,9500.0
12014,15300.0
12015,10100.0
12016,4800.0
12017,4000.0
12018,7000.0
12019,2000.0
12020,4800.0
12021,24950.0
12022,1800.0
12023,1750.0
12024,3000.0
12025,6300.0
12026,5700.0
12027,1400.0
12028,6700.0
12029,3500.0
12030,16790.0
12031,8399.0
12032,1300.0
12033,3999.0
12034,5550.0
12035,1300.0
12036,1700.0
12037,3500.0
12038,4100.0
12039,6000.0
12040,7000.0
12041,517.44
12042,4500.0
12043,2250.0
12044,8299.35
12045,11200.0
12046,6700.0
12047,16500.0
12048,15900.0
12049,5750.0
12050,8500.0
12051,8000.0
12052,3800.0
12053,43200.0
12054,18000.0
12055,4650.0
12056,7600.0
12057,27500.0
12058,17900.0
12059,8500.0
12060,8600.0
12061,6350.0
12062,2134.12
12063,10900.0
12064,12000.0
12065,7500.0
12066,4000.0
12067,13500.0
12068,38000.0
12069,7500.0
12070,11750.0
12071,23900.0
12072,9300.0
12073,3300.0
12074,1600.0
12075,6900.0
12076,4000.0
12077,16900.0
12078,4900.0
12079,10500.0
12080,1850.0
12081,8200.0
12082,200.0
12083,9000.0
12084,28500.0
12085,9000.0
12086,3600.0
12087,5100.0
12088,4300.0
12089,1900.0
12090,2000.0
12091,1300.0
12092,600.0
12093,6900.0
12094,9300.0
12095,2100.0
12096,2999.0
12097,10500.0
12098,10500.0
12099,11700.0
12100,4000.0
12101,9000.0
12102,9500.0
12103,2500.0
12104,6399.0
12105,18400.0
12106,403.11
12107,5000.0
12108,7950.0
12109,1600.0
12110,10000.0
12111,5350.0
12112,2799.0
12113,1896.99
12114,900.0
12115,4000.0
12116,7990.0
12117,4900.0
12118,1550.0
12119,21400.0
12120,4000.0
12121,900.0
12122,1000.0
12123,5500.0
12124,2800.0
12125,6650.0
12126,1574.98
12127,11500.0
12128,10200.0
12129,4300.0
12130,4000.0
12131,1050.0
12132,4000.0
12133,1600.0
12134,1000.0
12135,11000.0
12136,5000.0
12137,2550.0
12138,11500.0
12139,5000.0
12140,8200.0
12141,4700.0
12142,5100.0
12143,8499.0
12144,850.0
12145,9399.0
12146,12500.0
12147,3200.0
12148,1600.0
12149,7500.0
12150,11990.0
12151,9950.0
12152,950.0
12153,2300.0
12154,939.01
12155,4800.0
12156,30900.0
12157,9200.0
12158,4000.0
12159,900.0
12160,10400.0
12161,5000.0
12162,5500.0
12163,1500.0
12164,3199.0
12165,3850.0
12166,18000.0
12167,2800.0
12168,8250.0
12169,1300.0
12170,8600.0
12171,2050.0
12172,8200.0
12173,7200.0
12174,8490.0
12175,5350.0
12176,6500.0
12177,8450.0
12178,1200.0
12179,21999.0
12180,4800.0
12181,1200.0
12182,2900.0
12183,4700.0
12184,16500.0
12185,11900.0
12186,1300.0
12187,700.0
12188,18300.0
12189,9100.0
12190,7100.0
12191,6900.0
12192,14900.0
12193,2000.0
12194,520.0
12195,36500.0
12196,6800.0
12197,3000.0
12198,500.0
12199,4000.0
12200,15000.0
12201,8500.0
12202,3800.0
12203,2800.0
12204,2500.0
12205,1300.0
12206,1500.0
12207,1300.0
12208,4500.0
12209,21950.0
12210,4700.0
12211,3800.0
12212,1900.0
12213,3000.0
12214,7500.0
12215,22900.0
12216,20000.0
12217,8500.0
12218,2400.0
12219,3100.0
12220,1999.0
12221,15450.0
12222,1777.0
12223,13000.0
12224,2500.0
12225,13499.0
12226,497.96
12227,1100.0
12228,5900.0
12229,20900.0
12230,1000.0
12231,1400.0
12232,4499.0
12233,1200.0
12234,9000.0
12235,6000.0
12236,1800.0
12237,13250.0
12238,4100.0
12239,1350.0
12240,7500.0
12241,5500.0
12242,4995.0
12243,2100.0
12244,10850.0
12245,8700.0
12246,2150.0
12247,8350.0
12248,1400.0
12249,7400.0
12250,10600.0
12251,5500.0
12252,20500.0
12253,1400.0
12254,8500.0
12255,6300.0
12256,4000.0
12257,2200.0
12258,4750.0
12259,7400.0
12260,2200.0
12261,3500.0
12262,11050.0
12263,4700.0
12264,1000.0
12265,3500.0
12266,10300.0
12267,5700.0
12268,7000.0
12269,13300.0
12270,1000.0
12271,2950.0
12272,5200.0
12273,2600.0
12274,4800.0
12275,2500.0
12276,8750.0
12277,11700.0
12278,2250.0
12279,7490.0
12280,1150.0
12281,8800.0
12282,6200.0
12283,11500.0
12284,6500.0
12285,1800.0
12286,2400.0
12287,9999.0
12288,8200.0
12289,14500.0
12290,10000.0
12291,4200.0
12292,5999.0
12293,1600.0
12294,9100.0
12295,5999.0
12296,4000.0
12297,6100.0
12298,2400.0
12299,4700.0
12300,6500.0
12301,2800.0
12302,400.0
12303,31000.0
12304,2134.12
12305,500.0
12306,2608.37
12307,12900.0
12308,15000.0
12309,1500.0
12310,5900.0
12311,5950.0
12312,750.0
12313,8000.0
12314,1350.0
12315,4500.0
12316,7000.0
12317,5300.0
12318,11000.0
12319,17300.0
12320,990.0
12321,550.0
12322,8500.0
12323,7900.0
12324,11005.88
12325,5700.0
12326,2488.0
12327,5980.0
12328,7900.0
12329,5150.0
12330,6500.0
12331,9000.0
12332,2300.0
12333,1300.0
12334,3500.0
12335,4200.0
12336,7770.0
12337,1300.0
12338,6300.0
12339,7400.0
12340,12950.0
12341,2900.0
12342,43000.0
12343,4100.0
12344,3690.0
12345,14150.0
12346,2400.0
12347,5000.0
12348,7600.0
12349,800.0
12350,850.0
12351,8950.0
12352,2134.12
12353,9900.0
12354,23475.29
12355,4800.0
12356,4900.0
12357,4300.0
12358,750.0
12359,28750.0
12360,4650.0
12361,2000.0
12362,8500.0
12363,16500.0
12364,6250.0
12365,9200.0
12366,10700.0
12367,3150.0
12368,6000.0
12369,3500.0
12370,4100.0
12371,6150.0
12372,11500.0
12373,7850.0
12374,11700.0
12375,15900.0
12376,13550.0
12377,2800.0
12378,8700.0
12379,11900.0
12380,2300.0
12381,6500.0
12382,5700.0
12383,3200.0
12384,1300.0
12385,3600.0
12386,7800.0
12387,14150.0
12388,11000.0
12389,1400.0
12390,5950.0
12391,8000.0
12392,3150.0
12393,550.0
12394,4100.0
12395,1390.0
12396,9500.0
12397,2300.0
12398,12500.0
12399,5990.0
12400,2000.0
12401,1450.0
12402,4500.0
12403,6699.0
12404,1090.77
12405,850.0
12406,5500.0
12407,1500.0
12408,800.0
12409,3800.0
12410,5100.0
12411,2000.0
12412,4600.0
12413,3950.0
12414,5500.0
12415,27500.0
12416,900.0
12417,4100.0
12418,9800.0
12419,2500.0
12420,10500.0
12421,8489.04
12422,10500.0
12423,9550.0
12424,10000.0
12425,4800.0
12426,2500.0
12427,9900.0
12428,14000.0
12429,19521.48
12430,10500.0
12431,2800.0
12432,3300.0
12433,6500.0
12434,3600.0
12435,1825.0
12436,550.0
12437,2250.0
12438,10000.0
12439,3800.0
12440,1944.42
12441,8000.0
12442,1200.0
12443,22900.0
12444,3200.0
12445,2000.0
12446,8650.0
12447,8790.0
12448,4800.0
12449,3950.0
12450,4000.0
12451,4350.0
12452,2100.0
12453,7200.0
12454,2500.0
12455,7900.0
12456,1450.0
12457,6499.0
12458,1700.0
12459,12500.0
12460,900.0
12461,5200.0
12462,8200.0
12463,3650.0
12464,25450.0
12465,2000.0
12466,6800.0
12467,4900.0
12468,1800.0
12469,13500.0
12470,1850.0
12471,3500.0
12472,1700.0
12473,5699.0
12474,1650.0
12475,10500.0
12476,8300.0
12477,2190.0
12478,11500.0
12479,12200.0
12480,5890.0
12481,6700.0
12482,900.0
12483,3500.0
12484,1350.0
12485,2700.0
12486,16399.0
12487,1000.0
12488,1200.0
12489,2836.75
12490,3300.0
12491,27500.0
12492,3300.0
12493,5500.0
12494,7590.0
12495,500.0
12496,2550.0
12497,5300.0
12498,18700.0
12499,6500.0
12500,450.0
12501,15500.0
12502,3550.0
12503,6800.0
12504,1150.0
12505,7662.34
12506,6500.0
12507,4500.0
12508,10300.0
12509,7200.0
12510,2950.0
12511,1400.0
12512,2800.0
12513,4800.0
12514,5490.0
12515,13500.0
12516,27700.0
12517,11750.0
12518,4500.0
12519,6100.0
12520,2866.0
12521,10950.0
12522,4500.0
12523,6500.0
12524,4150.0
12525,2900.0
12526,7500.0
12527,2500.0
12528,12500.0
12529,11800.0
12530,11650.0
12531,15500.0
12532,4700.0
12533,4200.0
12534,18350.0
12535,2300.0
12536,1800.0
12537,1850.0
12538,2150.0
12539,6500.0
12540,12500.0
12541,1014.13
12542,6300.0
12543,1500.0
12544,3700.0
12545,6500.0
12546,4099.0
12547,9024.82
12548,1350.0
12549,4250.0
12550,1351.61
12551,5000.0
12552,5500.0
12553,39000.0
12554,13950.0
12555,5450.0
12556,2300.0
12557,7100.0
12558,13700.0
12559,11500.0
12560,600.0
12561,2200.0
12562,6500.0
12563,1119.0
12564,700.0
12565,14700.0
12566,4750.0
12567,5899.0
12568,2300.0
12569,16800.0
12570,14250.0
12571,11900.0
12572,5200.0
12573,5200.0
12574,4700.0
12575,999.0
12576,15850.0
12577,5000.0
12578,4250.0
12579,17450.0
12580,3850.0
12581,4300.0
12582,9800.0
12583,10500.0
12584,12000.0
12585,7999.0
12586,5899.0
12587,11550.0
12588,5500.0
12589,3100.0
12590,1200.0
12591,9800.0
12592,9600.0
12593,43750.0
12594,3500.0
12595,1200.0
12596,6900.0
12597,4950.0
12598,2500.0
12599,1400.0
12600,4100.0
12601,800.0
12602,8300.0
12603,5800.0
12604,1200.0
12605,5600.0
12606,4800.0
12607,474.25
12608,9500.0
12609,3900.0
12610,6200.0
12611,8700.0
12612,7000.0
12613,1400.0
12614,6500.0
12615,5200.0
12616,7600.0
12617,1800.0
12618,2200.0
12619,9000.0
12620,15500.0
12621,4400.0
12622,3500.0
12623,12999.0
12624,6000.0
12625,9999.0
12626,24212.93
12627,9000.0
12628,9800.0
12629,6000.0
12630,9300.0
12631,450.0
12632,400.0
12633,3499.0
12634,800.0
12635,2500.0
12636,4100.0
12637,10150.0
12638,6900.0
12639,4650.0
12640,6900.0
12641,11900.0
12642,4100.0
12643,699.0
12644,15500.0
12645,6800.0
12646,2500.0
12647,2299.0
12648,1000.0
12649,5000.0
12650,8500.0
12651,1500.0
12652,2300.0
12653,2400.0
12654,15900.0
12655,15400.0
12656,5350.0
12657,5000.0
12658,3500.0
12659,6560.0
12660,3400.0
12661,4600.0
12662,6700.0
12663,4400.0
12664,6300.0
12665,2800.0
12666,3500.0
12667,1375.32
12668,800.0
12669,1100.0
12670,500.0
12671,3200.0
12672,2513.52
12673,6499.0
12674,15175.95
12675,355.69
12676,7350.0
12677,7200.0
12678,18899.0
12679,5928.1
12680,2650.0
12681,2000.0
12682,11450.0
12683,3800.0
12684,3200.0
12685,1327.9
12686,12000.0
12687,8500.0
12688,5300.0
12689,6650.0
12690,3150.0
12691,1150.0
12692,1400.0
12693,6750.0
12694,11500.0
12695,3300.0
12696,7000.0
12697,11400.0
12698,8000.0
12699,8600.0
12700,1700.0
12701,1500.0
12702,1000.0
12703,750.0
12704,6300.0
12705,25000.0
12706,3650.0
12707,1000.0
12708,13000.0
12709,6900.0
12710,10400.0
12711,13500.0
12712,3100.0
12713,9500.0
12714,1910.0
12715,4600.0
12716,6500.0
12717,3500.0
12718,2050.0
12719,9300.0
12720,12000.0
12721,3550.0
12722,6700.0
12723,8500.0
12724,12000.0
12725,1500.0
12726,1200.0
12727,24300.0
12728,2250.0
12729,6950.0
12730,3319.74
12731,5899.0
12732,8150.0
12733,1200.0
12734,2000.0
12735,11990.0
12736,650.0
12737,16900.0
12738,7080.0
12739,1850.0
12740,5500.0
12741,5000.0
12742,8500.0
12743,15000.0
12744,4200.0
12745,5500.0
12746,4550.0
12747,1707.29
12748,2350.0
12749,10900.0
12750,8000.0
12751,2500.0
12752,9850.0
12753,3950.0
12754,6500.0
12755,18399.0
12756,4100.0
12757,2134.12
12758,2000.0
12759,850.0
12760,2500.0
12761,1300.0
12762,2690.0
12763,8500.0
12764,9150.0
12765,12950.0
12766,2300.0
12767,8500.0
12768,8700.0
12769,3550.0
12770,20000.0
12771,2300.0
12772,5000.0
12773,10300.0
12774,5500.0
12775,10500.0
12776,2500.0
12777,33006.64
12778,1470.0
12779,10600.0
12780,3450.0
12781,3999.0
12782,1138.2
12783,1200.0
12784,2400.0
12785,948.5
12786,24999.0
12787,1500.0
12788,3200.0
12789,2950.0
12790,8500.0
12791,2900.0
12792,2000.0
12793,4300.0
12794,350.0
12795,1400.0
12796,800.0
12797,3850.0
12798,7587.97
12799,9499.0
12800,8200.23
12801,14500.0
12802,13500.0
12803,4000.0
12804,1650.0
12805,1300.0
12806,2200.0
12807,4300.0
12808,4350.0
12809,1701.0
12810,13972.49
12811,6490.0
12812,3300.0
12813,7250.0
12814,1200.0
12815,5600.0
12816,8100.0
12817,1000.0
12818,4742.47
12819,11999.0
12820,1800.0
12821,5900.0
12822,10200.0
12823,10800.0
12824,6100.0
12825,350.0
12826,12490.0
12827,5300.0
12828,15200.0
12829,2000.0
12830,5900.0
12831,5800.0
12832,1000.0
12833,5900.0
12834,2300.0
12835,5150.0
12836,11990.0
12837,4000.0
12838,9950.0
12839,8150.0
12840,6666.0
12841,700.0
12842,2500.0
12843,4979.6
12844,5300.0
12845,400.0
12846,4300.0
12847,8600.0
12848,4500.0
12849,5000.0
12850,1850.0
12851,9800.0
12852,13278.95
12853,5000.0
12854,6999.0
12855,10900.0
12856,15499.0
12857,2450.0
12858,11300.0
12859,2000.0
12860,1100.0
12861,18400.0
12862,1150.0
12863,8500.0
12864,2200.0
12865,1100.0
12866,6876.6
12867,2199.0
12868,8850.0
12869,22599.0
12870,8000.0
12871,8200.0
12872,550.0
12873,2000.0
12874,3200.0
12875,9700.0
12876,15750.0
12877,3000.0
12878,6500.0
12879,23500.0
12880,1400.0
12881,1400.0
12882,9900.0
12883,5000.0
12884,10609.0
12885,11200.0
12886,20950.0
12887,7500.0
12888,4300.0
12889,3600.0
12890,13000.0
12891,6300.0
12892,24900.0
12893,1500.0
12894,8150.0
12895,7800.0
12896,3500.0
12897,13950.0
12898,29071.42
12899,6300.0
12900,2000.0
12901,2000.0
12902,322.68
12903,1422.74
12904,3800.0
12905,19900.0
12906,28900.0
12907,350.0
12908,18500.0
12909,4000.0
12910,4000.0
12911,1400.0
12912,9700.0
12913,8200.0
12914,700.0
12915,2300.0
12916,1500.0
12917,4400.0
12918,1900.0
12919,555.0
12920,7900.0
12921,6200.0
12922,950.0
12923,13700.0
12924,1850.0
12925,700.0
12926,15000.0
12927,4900.0
12928,4700.0
12929,17200.0
12930,620.0
12931,10800.0
12932,3200.0
12933,10300.0
12934,11900.0
12935,1000.0
12936,1300.0
12937,6900.0
12938,6500.0
12939,5200.0
12940,1800.0
12941,1500.0
12942,2000.0
12943,1700.0
12944,948.5
12945,27250.0
12946,3000.0
12947,1500.0
12948,8250.0
12949,1422.74
12950,4850.0
12951,1300.0
12952,1300.0
12953,900.0
12954,2300.0
12955,4600.0
12956,1750.0
12957,2750.0
12958,2300.0
12959,18899.0
12960,2890.0
12961,4000.0
12962,213.41
12963,4900.0
12964,2800.0
12965,1500.0
12966,1500.0
12967,5450.0
12968,550.0
12969,2000.0
12970,1100.0
12971,14400.0
12972,6700.0
12973,10000.0
12974,6500.0
12975,2450.0
12976,3400.0
12977,3800.0
12978,5500.0
12979,3990.0
12980,4600.0
12981,3500.0
12982,2000.0
12983,26500.0
12984,7800.0
12985,7500.0
12986,9300.0
12987,9800.0
12988,6300.0
12989,650.0
12990,1700.0
12991,6100.0
12992,15200.0
12993,7500.0
12994,2900.0
12995,5500.0
12996,2000.0
12997,19933.0
12998,5800.0
12999,4741.53
13000,3850.0
13001,1200.0
13002,3100.0
13003,4000.0
13004,7967.37
13005,2300.0
13006,9750.0
13007,13900.0
13008,3600.0
13009,5100.0
13010,600.0
13011,19000.0
13012,12000.0
13013,1900.0
13014,10100.0
13015,500.0
13016,18900.0
13017,8250.0
13018,2300.0
13019,6800.0
13020,6000.0
13021,1350.0
13022,7000.0
13023,2500.0
13024,12200.0
13025,8650.0
13026,5000.0
13027,2200.0
13028,2086.69
13029,3400.0
13030,6800.0
13031,8200.0
13032,8061.74
13033,14700.0
13034,4900.0
13035,700.0
13036,33900.0
13037,8500.0
13038,13600.0
13039,8500.0
13040,650.0
13041,21000.0
13042,6300.0
13043,8500.0
13044,6300.0
13045,2800.0
13046,7000.0
13047,12400.0
13048,7400.0
13049,2150.0
13050,14300.0
13051,1100.0
13052,16800.0
13053,1500.0
13054,3800.0
13055,2190.0
13056,12000.0
13057,10500.0
13058,3000.0
13059,5200.0
13060,4000.0
13061,7000.0
13062,8900.0
13063,4300.0
13064,4100.0
13065,21950.0
13066,4280.0
13067,1400.0
13068,7550.0
13069,2950.0
13070,1800.0
13071,6950.0
13072,11550.0
13073,5850.0
13074,14500.0
13075,8900.0
13076,2100.0
13077,600.0
13078,3300.0
13079,550.0
13080,11550.0
13081,1700.0
13082,5200.0
13083,1200.0
13084,2100.0
13085,11000.0
13086,10500.0
13087,10196.34
13088,8700.0
13089,20200.0
13090,3000.0
13091,19500.0
13092,4250.0
13093,3580.0
13094,8850.0
13095,1450.0
13096,4100.0
13097,8200.0
13098,500.0
13099,7700.0
13100,23400.0
13101,4500.0
13102,2500.0
13103,5600.0
13104,3500.0
13105,13000.0
13106,9499.0
13107,4750.0
13108,5200.0
13109,2850.0
13110,1500.0
13111,1400.0
13112,7400.0
13113,11950.0
13114,5990.0
13115,5000.0
13116,3600.0
13117,8500.0
13118,12400.0
13119,9000.0
13120,4457.93
13121,4000.0
13122,9500.0
13123,1650.0
13124,240.3
13125,29000.0
13126,16200.0
13127,11800.0
13128,1150.0
13129,10500.0
13130,3950.0
13131,6500.0
13132,8000.0
13133,17850.0
13134,5500.0
13135,4200.0
13136,2900.0
13137,13999.0
13138,2300.0
13139,8000.0
13140,6500.0
13141,20000.0
13142,2350.0
13143,5300.0
13144,21300.0
13145,8999.0
13146,1000.0
13147,6200.0
13148,9600.0
13149,4000.0
13150,13000.0
13151,550.0
13152,9500.0
13153,28700.0
13154,7900.0
13155,3000.0
13156,1850.0
13157,600.0
13158,4900.0
13159,6500.0
13160,9000.0
13161,7000.0
13162,8000.0
13163,2100.0
13164,16100.0
13165,3500.0
13166,4000.0
13167,16000.0
13168,1550.0
13169,1000.0
13170,12950.0
13171,4150.0
13172,26900.0
13173,7600.0
13174,5450.0
13175,6500.0
13176,3500.0
13177,14999.0
13178,11800.0
13179,15400.0
13180,12649.0
13181,11300.0
13182,42800.0
13183,1377.0
13184,7000.0
13185,3400.0
13186,3500.0
13187,3200.0
13188,6950.0
13189,3000.0
13190,7650.0
13191,8400.0
13192,10300.0
13193,3900.0
13194,5900.0
13195,2850.0
13196,3350.0
13197,6900.0
13198,3999.0
13199,750.0
13200,8000.0
13201,4250.0
13202,900.0
13203,1400.0
13204,8000.0
13205,9500.0
13206,3300.0
13207,9400.0
13208,7800.0
13209,3800.0
13210,8000.0
13211,2703.22
13212,17350.0
13213,2350.0
13214,5499.0
13215,1000.0
13216,1999.0
13217,3999.0
13218,2845.49
13219,18900.0
13220,11500.0
13221,8800.0
13222,6750.0
13223,9100.0
13224,1250.0
13225,5300.0
13226,7750.0
13227,5649.0
13228,1150.0
13229,1500.0
13230,850.0
13231,900.0
13232,9700.0
13233,11350.0
13234,1600.0
13235,11500.0
13236,4500.0
13237,1500.0
13238,14938.82
13239,10100.0
13240,5600.0
13241,1350.0
13242,16700.0
13243,1490.0
13244,6200.0
13245,3600.0
13246,1150.0
13247,1500.0
13248,3790.0
13249,7000.0
13250,8499.0
13251,2970.0
13252,2700.0
13253,8200.0
13254,1900.0
13255,3300.0
13256,3000.0
13257,3200.0
13258,4000.0
13259,1550.0
13260,2150.0
13261,9000.0
13262,1350.0
13263,10500.0
13264,5500.0
13265,5200.0
13266,5200.0
13267,17000.0
13268,11700.0
13269,6200.0
13270,3000.0
13271,6950.0
13272,2650.0
13273,3000.0
13274,1900.0
13275,6900.0
13276,950.0
13277,1233.05
13278,12000.0
13279,3300.0
13280,10500.0
13281,4350.0
13282,7000.0
13283,5100.0
13284,5999.0
13285,2398.0
13286,7600.0
13287,1100.0
13288,1350.0
13289,500.0
13290,19999.0
13291,1900.0
13292,13600.0
13293,7350.85
13294,4100.0
13295,28980.0
13296,5500.0
13297,6399.0
13298,8750.0
13299,5950.0
13300,5800.0
13301,2900.0
13302,12400.0
13303,14110.0
13304,1100.0
13305,7350.0
13306,1700.0
13307,8500.0
13308,6900.0
13309,4400.0
13310,1000.0
13311,8000.0
13312,8631.32
13313,9300.0
13314,7000.0
13315,9999.0
13316,14500.0
13317,3300.0
13318,8500.0
13319,700.0
13320,15999.0
13321,8800.0
13322,4000.0
13323,6971.45
13324,6000.0
13325,550.0
13326,8700.0
13327,11250.0
13328,1250.0
13329,4950.0
13330,6500.0
13331,840.0
13332,2350.0
13333,850.0
13334,16300.0
13335,1750.0
13336,950.0
13337,600.0
13338,300.0
13339,10500.0
13340,1100.0
13341,4300.0
13342,4200.0
13343,2500.0
13344,4850.0
13345,7000.0
13346,8700.0
13347,4000.0
13348,2900.0
13349,900.0
13350,2250.0
13351,1000.0
13352,6600.0
13353,4500.0
13354,20750.0
13355,5300.0
13356,3100.0
13357,3800.0
13358,5500.0
13359,5500.0
13360,12500.0
13361,6800.0
13362,2490.0
13363,8900.0
13364,430.0
13365,5450.0
13366,2000.0
13367,4300.0
13368,350.0
13369,13500.0
13370,3200.0
13371,4700.0
13372,8999.0
13373,12900.0
13374,4500.0
13375,5000.0
13376,2600.0
13377,10250.0
13378,17000.0
13379,3000.0
13380,2150.0
13381,1100.0
13382,550.0
13383,1700.0
13384,8100.0
13385,2500.0
13386,1500.0
13387,350.0
13388,17999.0
13389,1300.0
13390,4500.0
13391,12100.0
13392,1300.0
13393,7100.0
13394,9700.0
13395,10433.45
13396,15950.0
13397,6500.0
13398,800.0
13399,15250.0
13400,1700.0
13401,1000.0
13402,10000.0
13403,6000.0
13404,4000.0
13405,19950.0
13406,2199.0
13407,1950.0
13408,900.0
13409,6900.0
13410,1000.0
13411,14300.0
13412,1250.0
13413,750.0
13414,8150.0
13415,9000.0
13416,8550.0
13417,10400.0
13418,8750.0
13419,2900.0
13420,5500.0
13421,950.0
13422,500.0
13423,1000.0
13424,2990.0
13425,1800.0
13426,13500.0
13427,18900.0
13428,870.0
13429,18900.0
13430,7000.0
13431,8399.0
13432,3500.0
13433,3500.0
13434,1800.0
13435,4600.0
13436,700.0
13437,1500.0
13438,7700.0
13439,11900.0
13440,14000.0
13441,5000.0
13442,2500.0
13443,1000.0
13444,1350.0
13445,700.0
13446,2800.0
13447,5650.0
13448,2000.0
13449,6400.0
13450,1500.0
13451,15350.0
13452,27900.0
13453,6500.0
13454,3050.0
13455,10500.0
13456,6500.0
13457,14500.0
13458,5399.0
13459,22000.0
13460,3500.0
13461,8500.0
13462,1950.0
13463,12500.0
13464,24650.0
13465,1100.0
13466,5250.0
13467,3000.0
13468,1500.0
13469,5800.0
13470,10800.0
13471,4000.0
13472,6700.0
13473,2200.0
13474,1800.0
13475,9100.0
13476,1000.0
13477,6200.0
13478,1950.0
13479,3800.0
13480,6400.0
13481,4099.0
13482,850.0
13483,500.0
13484,7000.0
13485,3450.0
13486,18380.0
13487,2500.0
13488,3750.0
13489,2845.49
13490,7800.0
13491,12350.0
13492,6100.0
13493,1500.0
13494,11400.0
13495,11900.0
13496,13500.0
13497,1800.0
13498,5800.0
13499,7799.0
13500,4500.0
13501,3950.0
13502,1200.0
13503,1700.0
13504,1200.0
13505,14000.0
13506,2750.0
13507,6100.0
13508,10200.0
13509,8100.0
13510,17933.0
13511,9950.0
13512,8100.0
13513,7200.0
13514,1650.0
13515,2200.0
13516,3300.0
13517,6950.0
13518,1600.0
13519,7000.0
13520,5500.0
13521,15500.0
13522,5200.0
13523,10500.0
13524,5000.0
13525,9350.0
13526,14600.0
13527,9000.0
13528,11000.0
13529,8000.0
13530,1900.0
13531,6950.0
13532,3999.0
13533,8000.0
13534,8000.0
13535,12800.0
13536,1500.0
13537,11750.0
13538,19000.0
13539,9000.0
13540,2400.0
13541,10950.0
13542,11300.0
13543,7500.0
13544,17200.0
13545,1500.0
13546,1200.0
13547,5200.0
13548,11900.0
13549,2800.0
13550,2350.0
13551,6990.0
13552,15500.0
13553,3200.0
13554,3400.0
13555,6600.0
13556,2500.0
13557,3400.0
13558,5500.0
13559,3950.0
13560,2050.0
13561,1600.0
13562,7600.0
13563,4999.0
13564,2350.0
13565,19500.0
13566,700.0
13567,2900.0
13568,4100.0
13569,2400.0
13570,5600.0
13571,15600.0
13572,13700.0
13573,12900.0
13574,6999.0
13575,4650.0
13576,17990.0
13577,2000.0
13578,1450.0
13579,3250.0
13580,12500.0
13581,4200.0
13582,5550.0
13583,853.65
13584,6999.0
13585,700.0
13586,4000.0
13587,10900.0
13588,2086.69
13589,8100.0
13590,3500.0
13591,4000.0
13592,4500.0
13593,2300.0
13594,11390.0
13595,9200.0
13596,9450.0
13597,4300.0
13598,13300.0
13599,4600.0
13600,2570.0
13601,1300.0
13602,2700.0
13603,17900.0
13604,3800.0
13605,1550.0
13606,2100.0
13607,4200.0
13608,10650.0
13609,2600.0
13610,806.22
13611,3000.0
13612,650.0
13613,1000.0
13614,800.0
13615,12499.0
13616,573.65
13617,2000.0
13618,7800.0
13619,16299.0
13620,1000.0
13621,2700.0
13622,600.0
13623,5750.0
13624,1850.0
13625,6250.0
13626,3000.0
13627,7000.0
13628,19999.0
13629,1000.0
13630,1500.0
13631,1700.0
13632,800.0
13633,11900.0
13634,1900.0
13635,2900.0
13636,16000.0
13637,2500.0
13638,850.0
13639,1350.0
13640,1700.0
13641,2700.0
13642,600.0
13643,450.0
13644,10840.79
13645,4750.0
13646,11000.0
13647,3700.0
13648,1950.0
13649,900.0
13650,2000.0
13651,2300.0
13652,2048.75
13653,190.11
13654,9999.0
13655,1800.0
13656,18800.0
13657,4100.0
13658,5250.0
13659,5200.0
13660,10200.0
13661,3100.0
13662,2845.49
13663,280.0
13664,5000.0
13665,12400.0
13666,850.0
13667,1500.0
13668,1699.0
13669,5490.0
13670,3300.0
13671,5700.0
13672,1999.0
13673,20500.0
13674,399.0
13675,9650.0
13676,1850.0
13677,8999.0
13678,2900.0
13679,9700.0
13680,13400.0
13681,9300.0
13682,2000.0
13683,1450.0
13684,8700.0
13685,2990.0
13686,3000.0
13687,9000.0
13688,7899.0
13689,7500.0
13690,3300.0
13691,6900.0
13692,10500.0
13693,4800.0
13694,7990.0
13695,11700.0
13696,8900.0
13697,3590.0
13698,22900.0
13699,5700.0
13700,750.0
13701,2650.0
13702,16300.0
13703,1100.0
13704,14800.0
13705,7950.0
13706,1700.0
13707,5500.0
13708,2800.0
13709,1200.0
13710,1200.0
13711,3000.0
13712,5400.0
13713,6599.0
13714,1500.0
13715,280.0
13716,2100.0
13717,5000.0
13718,5000.0
13719,2300.0
13720,2900.0
13721,15000.0
13722,14050.0
13723,2300.0
13724,4500.0
13725,7200.0
13726,4600.0
13727,2500.0
13728,1422.74
13729,5500.0
13730,7300.0
13731,25700.0
13732,2850.0
13733,650.0
13734,8300.0
13735,3200.0
13736,8900.0
13737,3200.0
13738,7700.0
13739,1150.0
13740,4800.0
13741,5700.0
13742,13800.0
13743,12600.0
13744,680.0
13745,41700.0
13746,1000.0
13747,5450.0
13748,4500.0
13749,2600.0
13750,13450.0
13751,1950.0
13752,10990.0
13753,3300.0
13754,20500.0
13755,1000.0
13756,5500.0
13757,7200.0
13758,500.0
13759,8000.0
13760,3450.0
13761,1500.0
13762,3600.0
13763,3999.0
13764,5499.0
13765,20900.0
13766,1090.77
13767,500.0
13768,6850.0
13769,2500.0
13770,6000.0
13771,474.25
13772,3250.0
13773,800.0
13774,11200.0
13775,1300.0
13776,1600.0
13777,6550.0
13778,5000.0
13779,10433.45
13780,3750.0
13781,1100.0
13782,8600.0
13783,12000.0
13784,10500.0
13785,3100.0
13786,3000.0
13787,8600.0
13788,8300.0
13789,5000.0
13790,2400.0
13791,15000.0
13792,8250.0
13793,15000.0
13794,4500.0
13795,6500.0
13796,5050.74
13797,8750.0
13798,7900.0
13799,9400.0
13800,500.0
13801,5700.0
13802,8650.0
13803,6500.0
13804,9800.0
13805,11500.0
13806,9150.0
13807,800.0
13808,3800.0
13809,1950.0
13810,2000.0
13811,9950.0
13812,7825.1
13813,1950.0
13814,2650.0
13815,750.0
13816,7450.0
13817,2700.0
13818,4500.0
13819,6200.0
13820,9000.0
13821,14950.0
13822,850.0
13823,7500.0
13824,5200.0
13825,6900.0
13826,2600.0
13827,5000.0
13828,8000.0
13829,2700.0
13830,5000.0
13831,750.0
13832,3289.0
13833,3500.0
13834,4200.0
13835,16300.0
13836,4100.0
13837,12500.0
13838,7950.0
13839,1750.0
13840,2500.0
13841,600.0
13842,6200.0
13843,7350.0
13844,1600.0
13845,13699.0
13846,20500.0
13847,5800.0
13848,5800.0
13849,3500.0
13850,3550.0
13851,4500.0
13852,8555.0
13853,1700.0
13854,1800.0
13855,6400.0
13856,9000.0
13857,9950.0
13858,4100.0
13859,14999.0
13860,6300.0
13861,3000.0
13862,12750.0
13863,3490.0
13864,7999.0
13865,2000.0
13866,1650.0
13867,5900.0
13868,1400.0
13869,7100.0
13870,7900.0
13871,7300.0
13872,5700.0
13873,3260.0
13874,3200.0
13875,7600.0
13876,8950.0
13877,4000.0
13878,5000.0
13879,1650.0
13880,7000.0
13881,12700.0
13882,3250.0
13883,6200.0
13884,11500.0
13885,3750.0
13886,8000.0
13887,6500.0
13888,1650.0
13889,6300.0
13890,2850.0
13891,4950.0
13892,650.0
13893,600.0
13894,700.0
13895,4600.0
13896,8999.0
13897,2800.0
13898,1200.0
13899,10499.0
13900,7300.0
13901,19500.0
13902,2100.0
13903,6500.0
13904,2750.0
13905,1375.32
13906,4100.0
13907,1900.0
13908,2000.0
13909,800.0
13910,4500.0
13911,37799.0
13912,3850.0
13913,1450.0
13914,1500.0
13915,5596.13
13916,1300.0
13917,5590.0
13918,9900.0
13919,800.0
13920,2990.0
13921,5150.0
13922,8250.0
13923,2700.0
13924,9400.0
13925,14200.0
13926,8500.0
13927,1500.0
13928,15200.0
13929,3200.0
13930,6800.0
13931,7299.0
13932,750.0
13933,16950.0
13934,3900.0
13935,9400.0
13936,3100.0
13937,5300.0
13938,6500.0
13939,700.0
13940,1650.0
13941,650.0
13942,5600.0
13943,2300.0
13944,1400.0
13945,6800.0
13946,6700.0
13947,9900.0
13948,18600.0
13949,25900.0
13950,1500.0
13951,4450.0
13952,8500.0
13953,4199.0
13954,10600.0
13955,28500.0
13956,500.0
13957,550.0
13958,1000.0
13959,4500.0
13960,2890.0
13961,9999.0
13962,1600.0
13963,1999.0
13964,3300.0
13965,8800.0
13966,3400.0
13967,21999.0
13968,14250.0
13969,3500.0
13970,948.02
13971,2699.0
13972,700.0
13973,10950.0
13974,1991.84
13975,12700.0
13976,20950.0
13977,5300.0
13978,3699.0
13979,6300.0
13980,2600.0
13981,7800.0
13982,9000.0
13983,2600.0
13984,600.0
13985,1700.0
13986,9000.0
13987,4700.0
13988,1300.0
13989,4850.0
13990,2410.0
13991,26900.0
13992,1150.0
13993,10300.0
13994,7200.0
13995,1250.0
13996,8300.0
13997,12478.0
13998,10650.0
13999,1550.0
14000,8800.0
14001,6700.0
14002,5300.0
14003,1550.0
14004,4000.0
14005,17200.0
14006,15408.23
14007,2300.0
14008,3300.0
14009,6100.0
14010,27059.19
14011,1200.0
14012,7900.0
14013,3999.0
14014,14499.0
14015,3200.0
14016,6600.0
14017,9900.0
14018,1200.0
14019,6799.0
14020,3800.0
14021,5000.0
14022,15000.0
14023,6100.0
14024,12350.0
14025,8700.0
14026,7000.0
14027,1650.0
14028,4000.0
14029,6600.0
14030,11700.0
14031,3500.0
14032,1100.0
14033,7100.0
14034,2350.0
14035,600.0
14036,8700.0
14037,1850.0
14038,5950.0
14039,7800.0
14040,3800.0
14041,8500.0
14042,450.0
14043,1750.0
14044,9499.0
14045,6650.0
14046,950.0
14047,15900.0
14048,4850.0
14049,14150.0
14050,1050.0
14051,6800.0
14052,3300.0
14053,8000.0
14054,2300.0
14055,14950.0
14056,6400.0
14057,5600.0
14058,8100.0
14059,7500.0
14060,12950.0
14061,22900.0
14062,5400.0
14063,11000.0
14064,11300.0
14065,12300.0
14066,20801.11
14067,3900.0
14068,2999.0
14069,7990.0
14070,19000.0
14071,4350.0
14072,1800.0
14073,1200.0
14074,9350.0
14075,2800.0
14076,10000.0
14077,5250.0
14078,21000.0
14079,9200.0
14080,4499.0
14081,2200.0
14082,1350.0
14083,3650.0
14084,1900.0
14085,2999.0
14086,4200.0
14087,1422.74
14088,3800.0
14089,2350.0
14090,6000.0
14091,6900.0
14092,11999.0
14093,1000.0
14094,17800.0
14095,14000.0
14096,13650.0
14097,7200.0
14098,7500.0
14099,700.0
14100,4950.0
14101,4650.0
14102,1500.0
14103,2000.0
14104,20700.0
14105,2200.0
14106,3000.0
14107,4500.0
14108,15999.0
14109,1000.0
14110,3300.0
14111,1000.0
14112,3200.0
14113,5850.0
14114,5000.0
14115,9950.0
14116,4000.0
14117,1000.0
14118,750.0
14119,9000.0
14120,12400.0
14121,1000.0
14122,574.29
14123,1150.0
14124,6750.0
14125,5500.0
14126,10400.0
14127,1799.0
14128,6850.0
14129,2000.0
14130,7500.0
14131,8450.0
14132,7600.0
14133,3500.0
14134,4200.0
14135,8400.0
14136,17300.0
14137,7800.0
14138,5600.0
14139,2800.0
14140,2499.0
14141,1100.0
14142,10300.0
14143,13000.0
14144,550.0
14145,2800.0
14146,28065.0
14147,21000.0
14148,8000.0
14149,2950.0
14150,6350.0
14151,7000.0
14152,14400.0
14153,500.0
14154,4700.0
14155,1100.0
14156,1500.0
14157,2500.0
14158,20500.0
14159,4999.0
14160,4300.0
14161,10300.0
14162,2100.0
14163,5000.0
14164,6650.0
14165,2200.0
14166,4000.0
14167,300.0
14168,4000.0
14169,2000.0
14170,3250.0
14171,3850.0
14172,5100.0
14173,2100.0
14174,6499.0
14175,1200.0
14176,3700.0
14177,1700.0
14178,1700.0
14179,10900.0
14180,4500.0
14181,2586.55
14182,17700.0
14183,11500.0
14184,1500.0
14185,7300.0
14186,1200.0
14187,3990.0
14188,6450.0
14189,8150.0
14190,3600.0
14191,3500.0
14192,4700.0
14193,4000.0
14194,2000.0
14195,1100.0
14196,2400.0
14197,5150.0
14198,750.0
14199,300.0
14200,17072.93
14201,6900.0
14202,3000.0
14203,2200.0
14204,22900.0
14205,2500.0
14206,3700.0
14207,6500.0
14208,3000.0
14209,7500.0
14210,3800.0
14211,950.0
14212,3199.0
14213,2000.0
14214,16900.0
14215,1550.0
14216,1000.0
14217,950.0
14218,3000.0
14219,14399.0
14220,3000.0
14221,7500.0
14222,6900.0
14223,5150.0
14224,11700.0
14225,4433.0
14226,1200.0
14227,2400.0
14228,900.0
14229,2000.0
14230,2100.0
14231,4000.0
14232,4000.0
14233,800.0
14234,400.0
14235,13250.0
14236,6800.0
14237,6600.0
14238,3500.0
14239,8800.0
14240,9000.0
14241,3500.0
14242,2150.0
14243,2910.0
14244,600.0
14245,2200.0
14246,542.07
14247,7000.0
14248,2099.0
14249,4000.0
14250,10200.0
14251,1600.0
14252,630.0
14253,750.0
14254,2100.0
14255,2500.0
14256,7500.0
14257,550.0
14258,800.0
14259,1000.0
14260,3500.0
14261,5200.0
14262,5800.0
14263,3700.0
14264,2750.0
14265,4200.0
14266,12700.0
14267,2100.0
14268,1500.0
14269,1850.0
14270,3000.0
14271,2300.0
14272,1150.0
14273,2300.0
14274,9500.0
14275,9000.0
14276,7500.0
14277,8100.0
14278,1400.0
14279,2800.0
14280,2950.0
14281,3950.0
14282,8200.0
14283,1900.0
14284,8450.0
14285,7000.0
14286,9700.0
14287,20200.0
14288,4999.0
14289,15200.0
14290,2350.0
14291,13500.0
14292,1950.0
14293,5500.0
14294,6300.0
14295,16900.0
14296,7500.0
14297,3700.0
14298,15000.0
14299,5500.0
14300,4699.0
14301,14533.0
14302,6500.0
14303,5550.0
14304,1075.59
14305,6000.0
14306,8500.0
14307,27200.0
14308,5100.0
14309,2350.0
14310,6000.0
14311,12500.0
14312,7199.0
14313,5799.0
14314,3150.0
14315,8500.0
14316,2250.0
14317,2100.0
14318,4555.0
14319,2400.0
14320,1400.0
14321,15300.0
14322,1000.0
14323,2950.0
14324,875.84
14325,18000.0
14326,3400.0
14327,1200.0
14328,15000.0
14329,11900.0
14330,27900.0
14331,6450.0
14332,1550.0
14333,3200.0
14334,500.0
14335,11500.0
14336,521.66
14337,2690.0
14338,6500.0
14339,8750.0
14340,10200.0
14341,16400.0
14342,1300.0
14343,2000.0
14344,5600.0
14345,10700.0
14346,1100.0
14347,2400.0
14348,3499.0
14349,5200.0
14350,1300.0
14351,9400.0
14352,331.97
14353,18000.0
14354,6350.0
14355,13850.0
14356,2500.0
14357,8678.74
14358,6800.0
14359,5950.0
14360,1233.05
14361,1750.0
14362,8000.0
14363,8062.22
14364,1999.0
14365,4000.0
14366,2700.0
14367,8400.0
14368,4200.0
14369,850.0
14370,3350.0
14371,17300.0
14372,4150.0
14373,2500.0
14374,19000.0
14375,4150.0
14376,6000.0
14377,1850.0
14378,2800.0
14379,19300.0
14380,850.0
14381,8500.0
14382,2750.0
14383,3650.0
14384,2500.0
14385,9999.0
14386,10250.0
14387,1700.0
14388,2999.0
14389,4000.0
14390,6000.0
14391,280.0
14392,1600.0
14393,5500.0
14394,12000.0
14395,2000.0
14396,7400.0
14397,10950.0
14398,6500.0
14399,1100.0
14400,5700.0
14401,11900.0
14402,5600.0
14403,3150.0
14404,4400.0
14405,2000.0
14406,400.0
14407,10500.0
14408,1800.0
14409,14500.0
14410,38504.07
14411,5600.0
14412,4900.0
14413,4200.0
14414,9000.0
14415,2500.0
14416,500.0
14417,10999.0
14418,4200.0
14419,3900.0
14420,10000.0
14421,1750.0
14422,2950.0
14423,13000.0
14424,1550.0
14425,3000.0
14426,10900.0
14427,2000.0
14428,11000.0
14429,3000.0
14430,1250.0
14431,500.0
14432,8700.0
14433,12550.0
14434,32800.0
14435,11650.0
14436,12000.0
14437,10300.0
14438,13000.0
14439,9999.0
14440,950.0
14441,5950.0
14442,1500.0
14443,6990.0
14444,13850.0
14445,2300.0
14446,1350.0
14447,4000.0
14448,3650.0
14449,2800.0
14450,3500.0
14451,13650.0
14452,4000.0
14453,6300.0
14454,3200.0
14455,2845.49
14456,7700.0
14457,12850.0
14458,4000.0
14459,4900.0
14460,3900.0
14461,17950.0
14462,7000.0
14463,4700.0
14464,1900.0
14465,650.0
14466,5500.0
14467,3500.0
14468,1950.0
14469,1700.0
14470,1100.0
14471,4200.0
14472,18400.0
14473,3800.0
14474,6600.0
14475,9500.0
14476,2200.0
14477,3000.0
14478,10200.0
14479,1300.0
14480,9600.0
14481,3150.0
14482,4300.0
14483,5300.0
14484,15000.0
14485,22750.0
14486,23000.0
14487,300.0
14488,8000.0
14489,3900.0
14490,9200.0
14491,800.0
14492,6000.0
14493,6499.0
14494,12999.0
14495,13900.0
14496,379.4
14497,450.0
14498,4400.0
14499,15499.0
14500,1200.0
14501,2100.0
14502,4500.0
14503,6500.0
14504,3400.0
14505,8799.0
14506,13950.0
14507,21700.0
14508,1000.0
14509,8599.0
14510,13900.0
14511,9100.0
14512,1800.0
14513,750.0
14514,711.37
14515,2987.0
14516,4400.0
14517,14900.0
14518,4000.0
14519,9500.0
14520,5000.0
14521,1500.0
14522,550.0
14523,213.49
14524,5350.0
14525,2800.0
14526,800.0
14527,7200.0
14528,2050.0
14529,750.0
14530,9000.0
14531,1500.0
14532,1300.0
14533,36000.0
14534,2300.0
14535,4100.0
14536,3100.0
14537,1896.99
14538,3350.0
14539,2700.0
14540,9000.0
14541,6150.0
14542,22850.0
14543,5300.0
14544,1750.0
14545,1100.0
14546,6000.0
14547,8100.0
14548,1350.0
14549,10000.0
14550,4000.0
14551,5500.0
14552,4700.0
14553,3000.0
14554,5000.0
14555,11999.0
14556,1600.0
14557,2700.0
14558,6499.0
14559,4200.0
14560,500.0
14561,700.0
14562,22500.0
14563,5000.0
14564,1000.0
14565,1636.16
14566,17200.0
14567,8200.0
14568,7100.0
14569,3450.0
14570,12350.0
14571,11600.0
14572,2500.0
14573,4995.0
14574,5750.0
14575,6650.0
14576,800.0
14577,1500.0
14578,2679.64
14579,9500.0
14580,850.0
14581,9150.0
14582,10900.0
14583,5500.0
14584,3500.0
14585,5650.0
14586,5100.0
14587,10250.0
14588,7500.0
14589,1300.0
14590,2900.0
14591,250.0
14592,2500.0
14593,2600.0
14594,7400.0
14595,13250.0
14596,2000.0
14597,6800.0
14598,4099.0
14599,9999.0
14600,16499.0
14601,1500.0
14602,1000.0
14603,14850.0
14604,5000.0
14605,7600.0
14606,11000.0
14607,3750.0
14608,2690.0
14609,13000.0
14610,1150.0
14611,4000.0
14612,750.0
14613,12800.0
14614,2350.0
14615,10860.29
14616,3950.0
14617,1500.0
14618,1800.0
14619,2200.0
14620,3550.0
14621,3700.0
14622,2900.0
14623,700.0
14624,6700.0
14625,8000.0
14626,5250.0
14627,16000.0
14628,22000.0
14629,3000.0
14630,6700.0
14631,5300.0
14632,4700.0
14633,11000.0
14634,5200.0
14635,4700.0
14636,2500.0
14637,350.0
14638,4900.0
14639,2650.0
14640,6450.0
14641,7300.0
14642,9500.0
14643,7000.0
14644,1600.0
14645,400.0
14646,1250.0
14647,10100.0
14648,4900.0
14649,4150.0
14650,3000.0
14651,20000.0
14652,9200.0
14653,6850.0
14654,300.0
14655,4990.0
14656,3300.0
14657,7500.0
14658,2500.0
14659,3990.0
14660,1300.0
14661,32000.0
14662,3880.0
14663,9550.0
14664,1800.0
14665,3500.0
14666,5000.0
14667,14500.0
14668,5800.0
14669,2650.0
14670,4000.0
14671,4800.0
14672,1600.0
14673,5700.0
14674,12850.0
14675,27999.0
14676,4800.0
14677,800.0
14678,2100.0
14679,5300.0
14680,16500.0
14681,11900.0
14682,6400.0
14683,4950.0
14684,10950.0
14685,19999.0
14686,5200.0
14687,27000.0
14688,2500.0
14689,11900.0
14690,700.0
14691,550.0
14692,7700.0
14693,10500.0
14694,3450.0
14695,2900.0
14696,3500.0
14697,1200.0
14698,5990.0
14699,1599.0
14700,10300.0
14701,4499.0
14702,750.0
14703,6500.0
14704,3650.0
14705,11300.0
14706,14857.93
14707,10300.0
14708,3900.0
14709,3000.0
14710,1300.0
14711,3990.0
14712,4500.0
14713,10000.0
14714,4700.0
14715,4500.0
14716,24999.0
14717,1750.0
14718,6300.0
14719,5900.0
14720,20100.0
14721,3000.0
14722,17899.0
14723,26500.0
14724,25900.0
14725,500.0
14726,3600.0
14727,9200.0
14728,10433.45
14729,6890.0
14730,8250.0
14731,4100.0
14732,10100.0
14733,4250.0
14734,6270.0
14735,5700.0
14736,4950.0
14737,1950.0
14738,1250.0
14739,1300.0
14740,1500.0
14741,13900.0
14742,1400.0
14743,3500.0
14744,2000.0
14745,3200.0
14746,3600.0
14747,17000.0
14748,5499.0
14749,4900.0
14750,4400.0
14751,3200.0
14752,24900.0
14753,2000.0
14754,4100.0
14755,10500.0
14756,3600.0
14757,4800.0
14758,2800.0
14759,550.0
14760,2900.0
14761,2000.0
14762,4350.0
14763,5100.0
14764,2300.0
14765,17000.0
14766,7200.0
14767,1400.0
14768,1500.0
14769,11000.0
14770,1300.0
14771,2400.0
14772,6000.0
14773,3200.0
14774,26000.0
14775,6600.0
14776,1000.0
14777,1200.0
14778,1500.0
14779,6800.0
14780,9000.0
14781,7500.0
14782,3400.0
14783,2350.0
14784,2700.0
14785,3150.0
14786,6900.0
14787,5250.0
14788,1000.0
14789,2500.0
14790,840.0
14791,1360.0
14792,11000.0
14793,4500.0
14794,8500.0
14795,13500.0
14796,4500.0
14797,8000.0
14798,7550.0
14799,5000.0
14800,7000.0
14801,4000.0
14802,11300.0
14803,9500.0
14804,7000.0
14805,576.21
14806,10500.0
14807,11600.0
14808,5000.0
14809,1470.17
14810,2540.44
14811,6000.0
14812,13999.0
14813,9400.0
14814,500.0
14815,4600.0
14816,7599.0
14817,19000.0
14818,35500.0
14819,3200.0
14820,15950.0
14821,14900.0
14822,3250.0
14823,9000.0
14824,1400.0
14825,3333.0
14826,900.0
14827,5000.0
14828,2650.0
14829,25000.0
14830,880.47
14831,14495.0
14832,8350.0
14833,8600.0
14834,5300.0
14835,5600.0
14836,1500.0
14837,5300.0
14838,2000.0
14839,1400.0
14840,8950.0
14841,4000.0
14842,1200.0
14843,13100.0
14844,1000.0
14845,6500.0
14846,450.0
14847,950.0
14848,1400.0
14849,5000.0
14850,700.0
14851,13000.0
14852,4100.0
14853,500.0
14854,6500.0
14855,16900.0
14856,9300.0
14857,12286.11
14858,11000.0
14859,6900.0
14860,8900.0
14861,8500.0
14862,750.0
14863,7500.0
14864,15500.0
14865,7000.0
14866,14950.0
14867,10000.0
14868,17900.0
14869,3500.0
14870,20500.0
14871,5216.72
14872,1200.0
14873,700.0
14874,2100.0
14875,5928.1
14876,9500.0
14877,1700.0
14878,1600.0
14879,2650.0
14880,3700.0
14881,9000.0
14882,1000.0
14883,26000.0
14884,6900.0
14885,6900.0
14886,10500.0
14887,1050.0
14888,15500.0
14889,850.0
14890,3500.0
14891,700.0
14892,2000.0
14893,900.0
14894,15799.0
14895,4500.0
14896,11700.0
14897,3400.0
14898,5000.0
14899,7000.0
14900,1790.0
14901,1300.0
14902,2100.0
14903,6700.0
14904,9500.0
14905,20500.0
14906,5150.0
14907,16500.0
14908,8500.0
14909,550.0
14910,2900.0
14911,9250.0
14912,5700.0
14913,1500.0
14914,14500.0
14915,2300.0
14916,1896.99
14917,5450.0
14918,2100.0
14919,11350.0
14920,1300.0
14921,6000.0
14922,8600.0
14923,12000.0
14924,7500.0
14925,24750.0
14926,4200.0
14927,3150.0
14928,3598.0
14929,2499.0
14930,1000.0
14931,2039.27
14932,391.99
14933,8500.0
14934,9551.36
14935,2750.0
14936,3500.0
14937,2100.0
14938,3900.0
14939,11199.0
14940,1075.59
14941,8100.0
14942,5900.0
14943,6750.0
14944,9850.0
14945,6300.0
14946,2950.0
14947,550.0
14948,1500.0
14949,8500.0
14950,14500.0
14951,11700.0
14952,11700.0
14953,700.0
14954,2500.0
14955,1600.0
14956,12500.0
14957,8999.0
14958,600.0
14959,4000.0
14960,9999.0
14961,1500.0
14962,2850.0
14963,6500.0
14964,390.0
14965,900.6
14966,6150.0
14967,13900.0
14968,7825.1
14969,1150.0
14970,1900.0
14971,8450.0
14972,5350.0
14973,1050.0
14974,11000.0
14975,18950.0
14976,20900.0
14977,6550.0
14978,16700.0
14979,5000.0
14980,16500.0
14981,17000.0
14982,3500.0
14983,6550.0
14984,1670.0
14985,34900.0
14986,14999.0
14987,1600.0
14988,6000.0
14989,3509.44
14990,19999.0
14991,6700.0
14992,2000.0
14993,1650.0
14994,1500.0
14995,2450.0
14996,3000.0
14997,12000.0
14998,5600.0
14999,7000.0
15000,5300.0
15001,1200.0
15002,9500.0
15003,7900.0
15004,650.0
15005,6700.0
15006,13750.0
15007,9900.0
15008,2000.0
15009,5450.0
15010,2000.0
15011,1100.0
15012,3100.0
15013,4500.0
15014,1350.0
15015,20700.0
15016,469.51
15017,3300.0
15018,2900.0
15019,6600.0
15020,14990.0
15021,5999.0
15022,12000.0
15023,5500.0
15024,2950.0
15025,4100.0
15026,2500.0
15027,10000.0
15028,8499.0
15029,5200.0
15030,2200.0
15031,6400.0
15032,31500.0
15033,16450.0
15034,2300.0
15035,3800.0
15036,2899.0
15037,2500.0
15038,7000.0
15039,5350.0
15040,2100.0
15041,2950.0
15042,10200.0
15043,6500.0
15044,9255.0
15045,1500.0
15046,13900.0
15047,1800.0
15048,31500.0
15049,4200.0
15050,2300.0
15051,2600.0
15052,1500.0
15053,4300.0
15054,25900.0
15055,8400.0
15056,6600.0
15057,8999.0
15058,8500.0
15059,9000.0
15060,2600.0
15061,1300.0
15062,2200.0
15063,14700.0
15064,1700.0
15065,5300.0
15066,1800.0
15067,10300.0
15068,4300.0
15069,9100.0
15070,284.55
15071,3300.0
15072,4500.0
15073,250.97
15074,500.0
15075,3900.0
15076,3650.0
15077,900.0
15078,5500.0
15079,1600.0
15080,1000.0
15081,4200.0
15082,1100.0
15083,7500.0
15084,4800.0
15085,5600.0
15086,1700.0
15087,3500.0
15088,9350.0
15089,700.0
15090,2700.0
15091,1250.0
15092,2000.0
15093,3500.0
15094,1700.0
15095,16000.0
15096,6700.0
15097,6000.0
15098,5500.0
15099,9450.0
15100,30304.47
15101,4900.0
15102,4900.0
15103,5300.0
15104,2750.0
15105,2700.0
15106,7800.0
15107,3650.0
15108,10900.0
15109,1700.0
15110,3600.0
15111,8900.0
15112,2000.0
15113,4300.0
15114,8900.0
15115,4300.0
15116,1600.0
15117,2450.0
15118,4600.0
15119,4800.0
15120,331.97
15121,350.0
15122,8800.0
15123,13000.0
15124,6290.0
15125,2650.0
15126,4850.0
15127,7650.0
15128,700.0
15129,1700.0
15130,4250.0
15131,26000.0
15132,6000.0
15133,3900.0
15134,9000.0
15135,5600.0
15136,1000.0
15137,4700.0
15138,14350.0
15139,9800.0
15140,10950.0
15141,5999.0
15142,5000.0
15143,5950.0
15144,1700.0
15145,3000.0
15146,12400.0
15147,6800.0
15148,2600.0
15149,14600.0
15150,8500.0
15151,7650.0
15152,2500.0
15153,8900.0
15154,16000.0
15155,12599.0
15156,5400.0
15157,1900.0
15158,4500.0
15159,700.0
15160,32500.0
15161,800.0
15162,6789.0
15163,17500.0
15164,6000.0
15165,12500.0
15166,1900.0
15167,2100.0
15168,12500.0
15169,7200.0
15170,900.0
15171,7000.0
15172,8850.0
15173,28750.0
15174,23900.0
15175,5200.0
15176,1600.0
15177,8450.0
15178,10500.0
15179,32000.0
15180,2000.0
15181,800.0
15182,15000.0
15183,2845.49
15184,2100.0
15185,1300.0
15186,9999.0
15187,4647.63
15188,1250.0
15189,3499.0
15190,900.0
15191,3500.0
15192,18000.0
15193,15950.0
15194,5600.0
15195,11300.0
15196,14000.0
15197,7000.0
15198,9700.0
15199,12700.0
15200,35450.0
15201,15250.0
15202,1300.0
15203,1043.34
15204,16500.0
15205,8200.0
15206,3300.0
15207,11000.0
15208,4700.0
15209,2000.0
15210,8400.0
15211,7500.0
15212,3300.0
15213,15500.0
15214,8650.0
15215,222.0
15216,4100.0
15217,3500.0
15218,1600.0
15219,5300.0
15220,1400.0
15221,6500.0
15222,4100.0
15223,14600.0
15224,5500.0
15225,7100.0
15226,4850.0
15227,2150.0
15228,1450.0
15229,9800.0
15230,5000.0
15231,1700.0
15232,3000.0
15233,2400.0
15234,4500.0
15235,8400.0
15236,2500.0
15237,7800.0
15238,13800.0
15239,3850.0
15240,3000.0
15241,650.0
15242,1250.0
15243,7200.0
15244,4700.0
15245,1700.0
15246,13500.0
15247,19490.0
15248,10300.0
15249,6750.0
15250,2990.0
15251,4600.0
15252,2704.35
15253,12350.0
15254,9200.0
15255,2500.0
15256,7500.0
15257,1500.0
15258,9933.0
15259,6500.0
15260,3150.0
15261,11900.0
15262,1100.0
15263,3300.0
15264,2400.0
15265,1200.0
15266,700.0
15267,11500.0
15268,1400.0
15269,6700.0
15270,5600.0
15271,6850.0
15272,400.0
15273,1800.0
15274,2750.0
15275,800.0
15276,6200.0
15277,1800.0
15278,2950.0
15279,2300.0
15280,8900.0
15281,1000.0
15282,1100.0
15283,16250.0
15284,9500.0
15285,6950.0
15286,1650.0
15287,8800.0
15288,1400.0
15289,3100.0
15290,1067.06
15291,2790.0
15292,8500.0
15293,10100.0
15294,3990.0
15295,20000.0
15296,5500.0
15297,9400.0
15298,2000.0
15299,5600.0
15300,12000.0
15301,3450.0
15302,4550.0
15303,3750.0
15304,3300.0
15305,3800.0
15306,11200.0
15307,2500.0
15308,4900.0
15309,3900.0
15310,7300.0
15311,7500.0
15312,2100.0
15313,4900.0
15314,552.0
15315,2300.0
15316,14701.7
15317,1800.0
15318,2531.35
15319,22250.0
15320,379.4
15321,2900.0
15322,4000.0
15323,21500.0
15324,2750.0
15325,10000.0
15326,5450.0
15327,12900.0
15328,5300.0
15329,4500.0
15330,5000.0
15331,8450.0
15332,15000.0
15333,17000.0
15334,2800.0
15335,1800.0
15336,13700.0
15337,14350.0
15338,11500.0
15339,6899.0
15340,4700.0
15341,15500.0
15342,4950.0
15343,4700.0
15344,1500.0
15345,1500.0
15346,7650.0
15347,2300.0
15348,2400.0
15349,1500.0
15350,11000.0
15351,4700.0
15352,3800.0
15353,6780.0
15354,8500.0
15355,11900.0
15356,1300.0
15357,1150.0
15358,6800.0
15359,38000.0
15360,3800.0
15361,4500.0
15362,6000.0
15363,1700.0
15364,1422.74
15365,14899.0
15366,1650.0
15367,650.0
15368,1200.0
15369,14000.0
15370,9400.0
15371,4500.0
15372,1350.0
15373,1400.0
15374,5000.0
15375,9900.0
15376,2000.0
15377,8999.0
15378,18500.0
15379,2250.0
15380,2700.0
15381,5100.0
15382,3300.0
15383,11199.0
15384,4000.0
15385,15200.0
15386,2300.0
15387,1190.0
15388,245.85
15389,4550.0
15390,3800.0
15391,6900.0
15392,7500.0
15393,1900.0
15394,8000.0
15395,6200.0
15396,1700.0
15397,19700.0
15398,3000.0
15399,4800.0
15400,500.0
15401,1500.0
15402,19000.0
15403,3900.0
15404,10500.0
15405,2800.0
15406,14000.0
15407,5600.0
15408,11999.0
15409,23900.0
15410,3500.0
15411,1100.0
15412,10450.0
15413,2550.0
15414,16300.0
15415,2500.0
15416,1500.0
15417,1900.0
15418,800.0
15419,22999.0
15420,2850.0
15421,14700.0
15422,13650.0
15423,13000.0
15424,11500.0
15425,2500.0
15426,12000.0
15427,1000.0
15428,4200.0
15429,5390.0
15430,6300.0
15431,9900.0
15432,4450.0
15433,9999.0
15434,6100.0
15435,8000.0
15436,6200.0
15437,5300.0
15438,9999.0
15439,1500.0
15440,7700.0
15441,450.0
15442,4250.0
15443,4400.0
15444,1600.0
15445,8000.0
15446,1000.0
15447,2300.0
15448,3000.0
15449,5100.0
15450,17000.0
15451,4300.0
15452,10700.0
15453,3400.0
15454,11000.0
15455,1250.0
15456,21800.0
15457,34999.0
15458,3499.0
15459,4600.0
15460,10000.0
15461,1150.0
15462,13900.0
15463,2000.0
15464,7000.0
15465,13150.0
15466,2450.0
15467,23400.0
15468,1750.0
15469,1900.0
15470,3100.0
15471,3500.0
15472,4800.0
15473,15600.0
15474,5300.0
15475,1350.0
15476,900.0
15477,11450.0
15478,1200.0
15479,6990.0
15480,8400.0
15481,2890.0
15482,7000.0
15483,6800.0
15484,8200.0
15485,6900.0
15486,4800.0
15487,5000.0
15488,3900.0
15489,3750.0
15490,3300.0
15491,3300.0
15492,2000.0
15493,6500.0
15494,27500.0
15495,11500.0
15496,10700.0
15497,20200.0
15498,3600.0
15499,5300.0
15500,9000.0
15501,700.0
15502,15900.0
15503,2450.0
15504,7750.0
15505,14499.0
15506,7000.0
15507,9000.0
15508,4800.0
15509,21900.0
15510,450.0
15511,3700.0
15512,10500.0
15513,3900.0
15514,2850.0
15515,450.73
15516,13950.0
15517,4457.93
15518,3400.0
15519,350.0
15520,11900.0
15521,1000.0
15522,2650.0
15523,6999.0
15524,1500.0
15525,7950.0
15526,2471.3
15527,6000.0
15528,4500.0
15529,6222.0
15530,30114.76
15531,7700.0
15532,1000.0
15533,11950.0
15534,3000.0
15535,3800.0
15536,3500.0
15537,3850.0
15538,3190.0
15539,3414.59
15540,3700.0
15541,9800.0
15542,4450.0
15543,10500.0
15544,8500.0
15545,12650.0
15546,4850.0
15547,5790.0
15548,2500.0
15549,7200.0
15550,1250.0
15551,18350.0
15552,6000.0
15553,5000.0
15554,2900.0
15555,2500.0
15556,7500.0
15557,4200.0
15558,6700.0
15559,19950.0
15560,7500.0
15561,4200.0
15562,8500.0
15563,5200.0
15564,5000.0
15565,9100.0
15566,1500.0
15567,4700.0
15568,4830.0
15569,23999.0
15570,3700.0
15571,3000.0
15572,8900.0
15573,4600.0
15574,29600.0
15575,3200.0
15576,17950.0
15577,8700.0
15578,2371.23
15579,3700.0
15580,1750.0
15581,1150.0
15582,4500.0
15583,1000.0
15584,1964.24
15585,6200.0
15586,750.0
15587,11000.0
15588,2850.0
15589,23900.0
15590,8500.0
15591,4600.0
15592,7100.0
15593,4979.6
15594,950.0
15595,1820.0
15596,5200.0
15597,5700.0
15598,7400.0
15599,768.28
15600,1659.87
15601,4799.0
15602,2950.0
15603,3300.0
15604,530.0
15605,11333.0
15606,7300.0
15607,4250.0
15608,500.0
15609,7000.0
15610,4500.0
15611,850.0
15612,1100.0
15613,1400.0
15614,6600.0
15615,1701.0
15616,5100.0
15617,1500.0
15618,1600.0
15619,13400.0
15620,11500.0
15621,12555.0
15622,1000.0
15623,700.0
15624,11500.0
15625,1950.0
15626,1100.0
15627,3855.64
15628,3777.0
15629,9700.0
15630,4200.0
15631,2800.0
15632,2200.0
15633,3300.0
15634,6000.0
15635,7700.0
15636,9958.27
15637,13500.0
15638,7000.0
15639,5300.0
15640,1750.0
15641,7000.0
15642,22350.0
15643,2100.0
15644,18001.0
15645,9000.0
15646,5800.0
15647,7350.0
15648,3700.0
15649,16000.0
15650,4742.47
15651,8500.0
15652,8800.0
15653,800.0
15654,5000.0
15655,1500.0
15656,1256.76
15657,400.0
15658,3300.0
15659,11300.0
15660,6400.0
15661,350.0
15662,5900.0
15663,6700.0
15664,10700.0
15665,1000.0
15666,1600.0
15667,3600.0
15668,8000.0
15669,3500.0
15670,3200.0
15671,5500.0
15672,7300.0
15673,2750.0
15674,2300.0
15675,8200.0
15676,3900.0
15677,12000.0
15678,1400.0
15679,2680.0
15680,3400.0
15681,1300.0
15682,700.0
15683,1700.0
15684,3890.0
15685,18000.0
15686,9700.0
15687,18000.0
15688,900.0
15689,4300.0
15690,5700.0
15691,11500.0
15692,16850.0
15693,1800.0
15694,784.0
15695,2500.0
15696,4700.0
15697,850.0
15698,8450.0
15699,16500.0
15700,4999.0
15701,616.52
15702,16500.0
15703,18200.0
15704,10900.0
15705,2300.0
15706,12999.0
15707,2800.0
15708,4700.0
15709,7300.0
15710,11500.0
15711,1000.0
15712,8200.0
15713,3500.0
15714,25650.0
15715,4800.0
15716,7900.0
15717,4700.0
15718,1500.0
15719,2900.0
15720,2100.0
15721,5700.0
15722,6500.0
15723,5600.0
15724,9450.0
15725,18500.0
15726,2200.0
15727,6533.0
15728,6600.0
15729,5100.0
15730,8000.0
15731,4590.0
15732,5500.0
15733,3000.0
15734,29900.0
15735,2000.0
15736,8350.0
15737,11700.0
15738,21300.0
15739,2000.0
15740,350.0
15741,3082.61
15742,2323.82
15743,2300.0
15744,1400.0
15745,12750.0
15746,7800.0
15747,8000.0
15748,14900.0
15749,8950.0
15750,23900.0
15751,1400.0
15752,5400.0
15753,8000.0
15754,2450.0
15755,1550.0
15756,5100.0
15757,12500.0
15758,237.12
15759,8950.0
15760,6200.0
15761,3700.0
15762,3300.0
15763,14800.0
15764,17000.0
15765,10500.0
15766,7000.0
15767,9950.0
15768,7500.0
15769,7350.0
15770,500.0
15771,8450.0
15772,11000.0
15773,3600.0
15774,9300.0
15775,8950.0
15776,900.0
15777,2000.0
15778,14227.45
15779,1700.0
15780,2350.0
15781,1500.0
15782,5950.0
15783,2300.0
15784,2400.0
15785,6000.0
15786,6070.38
15787,1000.0
15788,7400.0
15789,6300.0
15790,6500.0
15791,9500.0
15792,2608.37
15793,7450.0
15794,4200.0
15795,3300.0
15796,8600.0
15797,3600.0
15798,4850.0
15799,13500.0
15800,4500.0
15801,3000.0
15802,1300.0
15803,1.0
15804,5500.0
15805,3500.0
15806,1375.32
15807,16000.0
15808,19900.0
15809,18400.0
15810,6900.0
15811,18000.0
15812,5500.0
15813,12000.0
15814,3600.0
15815,16949.0
15816,3400.0
15817,2800.0
15818,1800.0
15819,12500.0
15820,4800.0
15821,1000.0
15822,2600.0
15823,4750.0
15824,8999.0
15825,13000.0
15826,1300.0
15827,17500.0
15828,5800.0
15829,5400.0
15830,1944.42
15831,11999.0
15832,5600.0
15833,10199.0
15834,4350.0
15835,15300.0
15836,5500.0
15837,3500.0
15838,1700.0
15839,650.0
15840,2000.0
15841,6000.0
15842,2700.0
15843,8900.0
15844,700.0
15845,4150.0
15846,7800.0
15847,9600.0
15848,800.0
15849,3500.0
15850,2000.0
15851,2000.0
15852,5200.0
15853,9900.0
15854,3750.0
15855,7800.0
15856,1700.0
15857,955.0
15858,2750.0
15859,3150.0
15860,4000.0
15861,3000.0
15862,11000.0
15863,8000.0
15864,14200.0
15865,7700.0
15866,29990.0
15867,1418.0
15868,3800.0
15869,8489.04
15870,2700.0
15871,13700.0
15872,2200.0
15873,12500.0
15874,6100.0
15875,12000.0
15876,7200.0
15877,3500.0
15878,5000.0
15879,3650.0
15880,850.0
15881,2500.0
15882,2900.0
15883,2500.0
15884,6900.0
15885,4300.0
15886,9400.0
15887,3800.0
15888,9500.0
15889,7350.85
15890,3850.0
15891,10550.0
15892,1200.0
15893,2200.0
15894,9100.0
15895,4800.0
15896,5900.0
15897,12500.0
15898,8900.0
15899,1100.0
15900,9500.0
15901,3300.0
15902,6999.0
15903,40880.0
15904,4400.0
15905,8000.0
15906,16900.0
15907,2950.0
15908,4000.0
15909,1998.0
15910,6900.0
15911,17155.0
15912,4500.0
15913,721.33
15914,1400.0
15915,2700.0
15916,5599.0
15917,40000.0
15918,2000.0
15919,990.0
15920,11700.0
15921,500.0
15922,3900.0
15923,5400.0
15924,2000.0
15925,3500.0
15926,3900.0
15927,4200.0
15928,16835.82
15929,6924.03
15930,2850.0
15931,1000.0
15932,3000.0
15933,3800.0
15934,1998.0
15935,7300.0
15936,1000.0
15937,10600.0
15938,5500.0
15939,14100.0
15940,10683.39
15941,2700.0
15942,699.0
15943,3600.0
15944,3200.0
15945,585.22
15946,5250.0
15947,6500.0
15948,5500.0
15949,12000.0
15950,12100.0
15951,7500.0
15952,9500.0
15953,10000.0
15954,5300.0
15955,1500.0
15956,4979.6
15957,3500.0
15958,6300.0
15959,7000.0
15960,21341.17
15961,7200.0
15962,3500.0
15963,4363.08
15964,8700.0
15965,8000.0
15966,7200.0
15967,1896.99
15968,5150.0
15969,18899.0
15970,6500.0
15971,500.0
15972,3000.0
15973,11000.0
15974,6450.0
15975,1000.0
15976,5500.0
15977,1400.0
15978,25500.0
15979,3400.0
15980,341.46
15981,2750.0
15982,8200.0
15983,6999.0
15984,3100.0
15985,900.0
15986,3600.0
15987,1700.0
15988,18500.0
15989,10600.0
15990,1100.0
15991,780.0
15992,3800.0
15993,1050.0
15994,22600.0
15995,3500.0
15996,802.0
15997,7000.0
15998,12290.0
15999,8900.0